,Active,Age,C_EnglishComplete,C_EnglishLevel,C_MathComplete,C_MathLevel,C_NoActivity,C_PraticalComplete,C_PraticalLevel,C_SensorialComplete,C_SensorialLevel,C_When,EnglishAssessment,Id,IsFirstChild,MathAssessment,Mood,PraticalAssesment,R_English_level,R_Math_level,R_NoActivity,R_Pratical_level,R_Sensoral_level,R_When,R_Where,SensorialAssesment,ethnicity,siblings
0,Morning,5.0,Yes,3.0,No,3.0,2.0,Yes,3.0,Yes,0.0,Both,2.0,2.0,No,3.0,Sad,3.0,4.0,3.0,1.0,0.0,0.0,None,Home,3.0,Asian,0.0
1,Both,2.0,Yes,0.0,No,2.0,1.0,No,3.0,Yes,2.0,Afternoon,3.0,8.0,Yes,1.0,Excited,1.0,0.0,0.0,3.0,3.0,3.0,Both,School,3.0,Asian,1.0
2,Afternoon,5.0,Yes,1.0,Yes,1.0,2.0,No,3.0,Yes,0.0,None,1.0,2.0,Yes,2.0,Good,2.0,2.0,2.0,2.0,0.0,0.0,Afternoon,School,3.0,Asian,3.0
3,Both,4.0,No,0.0,No,3.0,0.0,Yes,2.0,No,0.0,None,2.0,3.0,Yes,0.0,Sad,2.0,0.0,3.0,1.0,0.0,0.0,None,Home,2.0,Asian,0.0
4,Afternoon,3.0,No,3.0,No,3.0,1.0,Yes,1.0,Yes,3.0,Both,0.0,1.0,Yes,0.0,Good,1.0,3.0,3.0,1.0,0.0,0.0,Afternoon,School,2.0,American,0.0
5,Afternoon,5.0,Yes,3.0,No,2.0,3.0,Yes,0.0,Yes,2.0,Morning,3.0,9.0,No,0.0,Excited,1.0,4.0,2.0,4.0,0.0,0.0,Both,Both,0.0,Non-Asian,3.0
6,Both,5.0,No,2.0,No,1.0,0.0,Yes,3.0,Yes,2.0,Afternoon,0.0,3.0,Yes,3.0,Excited,0.0,2.0,1.0,4.0,0.0,0.0,Both,Both,1.0,American,0.0
7,Both,2.0,Yes,3.0,Yes,2.0,0.0,Yes,0.0,Yes,0.0,Morning,3.0,5.0,Yes,2.0,Good,0.0,0.0,0.0,4.0,1.0,1.0,Both,Both,1.0,American,3.0
8,Both,2.0,No,3.0,Yes,1.0,1.0,No,2.0,Yes,1.0,Morning,2.0,7.0,Yes,0.0,Excited,3.0,0.0,0.0,4.0,2.0,2.0,Both,Both,2.0,Asian,0.0
9,Afternoon,3.0,No,0.0,Yes,2.0,3.0,Yes,2.0,Yes,3.0,Morning,1.0,9.0,No,3.0,Good,3.0,0.0,3.0,1.0,0.0,0.0,Afternoon,School,0.0,Asian,3.0
10,Afternoon,5.0,No,2.0,Yes,3.0,0.0,Yes,0.0,Yes,0.0,None,1.0,4.0,Yes,2.0,Sad,3.0,2.0,4.0,1.0,0.0,0.0,None,Home,3.0,Non-Asian,2.0
11,Afternoon,5.0,Yes,0.0,Yes,0.0,0.0,No,1.0,Yes,2.0,Afternoon,3.0,8.0,No,1.0,Good,2.0,1.0,1.0,2.0,0.0,0.0,Afternoon,School,0.0,American,1.0
12,Both,5.0,Yes,0.0,Yes,3.0,2.0,No,1.0,Yes,3.0,Afternoon,2.0,6.0,No,0.0,Good,1.0,1.0,4.0,4.0,0.0,0.0,Both,Both,3.0,Asian,1.0
13,Afternoon,3.0,Yes,2.0,Yes,0.0,0.0,No,1.0,Yes,2.0,Morning,3.0,3.0,Yes,1.0,Excited,1.0,3.0,1.0,2.0,0.0,0.0,Both,School,0.0,American,0.0
14,Morning,5.0,Yes,0.0,No,3.0,1.0,Yes,1.0,Yes,0.0,Morning,2.0,1.0,No,2.0,Good,1.0,1.0,3.0,1.0,0.0,0.0,Morning,School,0.0,American,2.0
15,Both,3.0,No,0.0,Yes,0.0,3.0,No,3.0,Yes,0.0,None,2.0,4.0,Yes,0.0,Good,3.0,0.0,1.0,2.0,0.0,0.0,Both,School,2.0,Asian,0.0
16,Morning,2.0,Yes,2.0,Yes,3.0,0.0,No,2.0,Yes,2.0,Afternoon,0.0,1.0,No,0.0,Good,3.0,0.0,0.0,1.0,2.0,3.0,Morning,School,3.0,Asian,1.0
17,Morning,3.0,No,0.0,Yes,1.0,1.0,No,0.0,No,2.0,Morning,0.0,4.0,No,1.0,Excited,2.0,0.0,2.0,2.0,0.0,0.0,Both,School,2.0,Non-Asian,1.0
18,Both,2.0,No,0.0,No,1.0,3.0,Yes,3.0,Yes,0.0,None,1.0,4.0,No,0.0,Sad,1.0,0.0,0.0,1.0,4.0,1.0,None,Home,1.0,Asian,1.0
19,Morning,3.0,Yes,0.0,No,0.0,0.0,Yes,0.0,No,1.0,None,3.0,9.0,No,0.0,Sad,1.0,1.0,0.0,1.0,0.0,0.0,None,Home,0.0,Asian,2.0
20,Afternoon,4.0,Yes,3.0,Yes,0.0,1.0,Yes,1.0,Yes,0.0,Both,1.0,2.0,No,2.0,Sad,0.0,4.0,1.0,1.0,0.0,0.0,None,Home,0.0,American,3.0
21,Afternoon,5.0,No,3.0,No,3.0,2.0,No,0.0,Yes,3.0,Both,2.0,5.0,No,1.0,Good,0.0,3.0,3.0,1.0,0.0,0.0,Afternoon,School,3.0,Asian,2.0
22,Both,4.0,Yes,0.0,Yes,1.0,2.0,No,3.0,Yes,1.0,Morning,1.0,4.0,Yes,0.0,Good,0.0,1.0,2.0,3.0,0.0,0.0,Both,School,1.0,American,2.0
23,Both,2.0,No,2.0,No,3.0,2.0,Yes,2.0,Yes,0.0,Both,3.0,9.0,No,3.0,Good,1.0,0.0,0.0,2.0,3.0,1.0,Both,School,2.0,Asian,0.0
24,Afternoon,4.0,No,2.0,Yes,3.0,2.0,No,0.0,No,3.0,Both,0.0,4.0,No,1.0,Good,0.0,2.0,4.0,1.0,0.0,0.0,Afternoon,School,1.0,American,2.0
25,Afternoon,3.0,No,3.0,Yes,0.0,2.0,Yes,3.0,Yes,3.0,Morning,3.0,5.0,Yes,0.0,Sad,0.0,3.0,1.0,1.0,0.0,0.0,None,Home,3.0,American,0.0
26,Morning,5.0,Yes,0.0,Yes,1.0,0.0,No,2.0,No,2.0,Afternoon,1.0,7.0,Yes,3.0,Good,1.0,1.0,2.0,1.0,0.0,0.0,Morning,School,2.0,American,2.0
27,Both,4.0,No,2.0,Yes,3.0,3.0,No,0.0,Yes,2.0,Both,0.0,2.0,No,3.0,Sad,1.0,2.0,4.0,1.0,0.0,0.0,None,Home,1.0,American,2.0
28,Afternoon,5.0,Yes,1.0,No,2.0,2.0,No,1.0,Yes,2.0,Morning,2.0,2.0,Yes,0.0,Sad,1.0,2.0,2.0,1.0,0.0,0.0,None,Home,3.0,Asian,0.0
29,Both,4.0,No,3.0,No,3.0,0.0,Yes,3.0,Yes,0.0,Morning,2.0,1.0,No,1.0,Good,0.0,3.0,3.0,2.0,0.0,0.0,Both,School,2.0,American,0.0
30,Both,4.0,No,0.0,Yes,2.0,0.0,Yes,1.0,No,0.0,Both,3.0,5.0,Yes,0.0,Excited,2.0,0.0,3.0,3.0,0.0,0.0,Both,School,0.0,American,2.0
31,Both,4.0,No,1.0,No,1.0,2.0,Yes,0.0,Yes,0.0,None,0.0,9.0,No,3.0,Sad,0.0,1.0,1.0,1.0,0.0,0.0,None,Home,0.0,Asian,0.0
32,Morning,5.0,No,0.0,No,3.0,3.0,Yes,0.0,No,1.0,None,0.0,5.0,No,3.0,Excited,2.0,0.0,3.0,3.0,0.0,0.0,Both,School,1.0,American,2.0
33,Morning,2.0,No,0.0,No,1.0,0.0,No,3.0,Yes,0.0,None,1.0,9.0,Yes,3.0,Excited,0.0,0.0,0.0,4.0,3.0,1.0,Both,Both,1.0,Asian,1.0
34,Morning,2.0,Yes,3.0,Yes,0.0,0.0,Yes,1.0,Yes,0.0,Afternoon,0.0,1.0,No,1.0,Excited,3.0,0.0,0.0,2.0,2.0,1.0,Both,School,3.0,American,3.0
35,Morning,3.0,Yes,2.0,Yes,1.0,2.0,No,1.0,No,1.0,Morning,3.0,4.0,Yes,1.0,Good,1.0,3.0,2.0,1.0,0.0,0.0,Morning,School,3.0,American,0.0
36,Afternoon,2.0,Yes,1.0,No,3.0,3.0,No,1.0,No,0.0,None,3.0,3.0,No,3.0,Excited,1.0,0.0,0.0,3.0,1.0,0.0,Both,School,1.0,Non-Asian,0.0
37,Afternoon,4.0,No,0.0,Yes,1.0,3.0,Yes,0.0,No,0.0,None,0.0,2.0,No,2.0,Good,0.0,0.0,2.0,2.0,0.0,0.0,Afternoon,School,2.0,American,1.0
38,Afternoon,2.0,No,0.0,No,2.0,3.0,Yes,0.0,No,1.0,Morning,0.0,1.0,Yes,2.0,Sad,2.0,0.0,0.0,1.0,1.0,1.0,None,Home,3.0,Asian,2.0
39,Morning,2.0,No,2.0,No,0.0,2.0,Yes,2.0,No,0.0,None,1.0,3.0,Yes,3.0,Sad,3.0,0.0,0.0,1.0,3.0,0.0,None,Home,1.0,American,3.0
40,Afternoon,2.0,Yes,1.0,No,0.0,3.0,No,1.0,No,3.0,Morning,3.0,1.0,Yes,3.0,Sad,2.0,0.0,0.0,1.0,1.0,3.0,None,Home,1.0,Asian,1.0
41,Both,5.0,Yes,1.0,Yes,2.0,2.0,Yes,1.0,Yes,3.0,None,0.0,1.0,No,2.0,Sad,0.0,2.0,3.0,1.0,0.0,0.0,None,Home,1.0,American,0.0
42,Afternoon,4.0,No,2.0,No,3.0,3.0,Yes,3.0,No,0.0,Both,1.0,2.0,Yes,0.0,Excited,0.0,2.0,3.0,4.0,0.0,0.0,Both,Both,0.0,Non-Asian,3.0
43,Both,2.0,Yes,1.0,No,1.0,3.0,No,2.0,Yes,2.0,Afternoon,0.0,6.0,No,0.0,Good,2.0,0.0,0.0,4.0,2.0,3.0,Both,Both,0.0,American,2.0
44,Morning,3.0,No,1.0,No,3.0,1.0,No,3.0,Yes,0.0,Both,0.0,7.0,No,3.0,Excited,0.0,1.0,3.0,4.0,0.0,0.0,Both,Both,2.0,Non-Asian,2.0
45,Morning,5.0,No,1.0,No,0.0,0.0,No,3.0,Yes,3.0,Afternoon,1.0,5.0,No,1.0,Sad,1.0,1.0,0.0,1.0,0.0,0.0,None,Home,2.0,American,3.0
46,Morning,5.0,Yes,2.0,Yes,2.0,2.0,Yes,0.0,Yes,0.0,Afternoon,2.0,8.0,No,0.0,Good,2.0,3.0,3.0,1.0,0.0,0.0,Morning,School,1.0,American,0.0
47,Morning,3.0,No,0.0,Yes,1.0,0.0,No,1.0,No,3.0,Morning,0.0,7.0,No,3.0,Excited,0.0,0.0,2.0,3.0,0.0,0.0,Both,School,0.0,Asian,2.0
48,Both,2.0,No,0.0,Yes,2.0,0.0,No,2.0,No,0.0,Afternoon,0.0,2.0,Yes,3.0,Excited,0.0,0.0,0.0,4.0,2.0,0.0,Both,Both,1.0,Non-Asian,1.0
49,Both,2.0,No,2.0,Yes,3.0,3.0,Yes,2.0,Yes,3.0,Both,1.0,4.0,Yes,1.0,Good,0.0,0.0,0.0,3.0,3.0,4.0,Both,School,0.0,Non-Asian,1.0
50,Morning,5.0,Yes,1.0,No,0.0,0.0,No,0.0,Yes,0.0,Afternoon,2.0,5.0,Yes,1.0,Excited,3.0,2.0,0.0,3.0,0.0,0.0,Both,School,1.0,Asian,3.0
51,Afternoon,3.0,No,2.0,No,3.0,0.0,No,0.0,No,0.0,Morning,3.0,7.0,No,3.0,Sad,1.0,2.0,3.0,1.0,0.0,0.0,None,Home,3.0,Non-Asian,1.0
52,Both,5.0,Yes,2.0,No,1.0,0.0,No,2.0,Yes,3.0,None,2.0,4.0,Yes,0.0,Sad,3.0,3.0,1.0,1.0,0.0,0.0,None,Home,3.0,Non-Asian,0.0
53,Afternoon,4.0,No,3.0,No,3.0,2.0,No,0.0,Yes,3.0,Both,0.0,7.0,Yes,1.0,Excited,0.0,3.0,3.0,3.0,0.0,0.0,Both,School,2.0,American,3.0
54,Both,3.0,Yes,0.0,Yes,0.0,2.0,No,3.0,No,0.0,Both,1.0,4.0,Yes,2.0,Good,1.0,1.0,1.0,3.0,0.0,0.0,Both,School,1.0,Non-Asian,0.0
55,Afternoon,5.0,Yes,0.0,Yes,2.0,3.0,Yes,0.0,No,1.0,Both,0.0,8.0,Yes,0.0,Sad,1.0,1.0,3.0,1.0,0.0,0.0,None,Home,1.0,Non-Asian,2.0
56,Both,5.0,No,2.0,Yes,2.0,3.0,No,0.0,No,0.0,Afternoon,3.0,6.0,No,1.0,Good,1.0,2.0,3.0,3.0,0.0,0.0,Both,School,0.0,Non-Asian,0.0
57,Both,4.0,Yes,1.0,Yes,2.0,3.0,Yes,0.0,No,1.0,Morning,1.0,5.0,No,0.0,Good,0.0,2.0,3.0,3.0,0.0,0.0,Both,School,1.0,Asian,3.0
58,Afternoon,4.0,Yes,3.0,Yes,2.0,1.0,Yes,2.0,No,3.0,None,0.0,5.0,Yes,1.0,Sad,0.0,4.0,3.0,1.0,0.0,0.0,None,Home,1.0,American,3.0
59,Afternoon,5.0,No,1.0,Yes,2.0,0.0,No,0.0,No,2.0,None,1.0,7.0,Yes,3.0,Excited,0.0,1.0,3.0,3.0,0.0,0.0,Both,School,2.0,American,3.0
60,Both,3.0,Yes,0.0,No,2.0,1.0,Yes,3.0,Yes,2.0,Afternoon,1.0,9.0,Yes,0.0,Good,3.0,1.0,2.0,3.0,0.0,0.0,Both,School,0.0,Asian,0.0
61,Both,5.0,Yes,3.0,No,2.0,0.0,Yes,2.0,Yes,1.0,Morning,2.0,5.0,Yes,1.0,Sad,3.0,4.0,2.0,1.0,0.0,0.0,None,Home,3.0,Non-Asian,2.0
62,Both,4.0,No,0.0,No,3.0,1.0,No,3.0,Yes,2.0,Morning,2.0,8.0,Yes,3.0,Good,0.0,0.0,3.0,3.0,0.0,0.0,Both,School,1.0,Non-Asian,2.0
63,Both,3.0,Yes,2.0,No,1.0,0.0,Yes,0.0,Yes,2.0,None,3.0,5.0,No,1.0,Excited,1.0,3.0,1.0,2.0,0.0,0.0,Both,School,3.0,Non-Asian,1.0
64,Afternoon,4.0,Yes,2.0,No,1.0,1.0,No,0.0,No,1.0,Morning,2.0,9.0,Yes,0.0,Good,1.0,3.0,1.0,1.0,0.0,0.0,Afternoon,School,2.0,American,0.0
65,Morning,3.0,Yes,2.0,No,1.0,2.0,Yes,3.0,No,3.0,Morning,2.0,4.0,Yes,1.0,Excited,3.0,3.0,1.0,4.0,0.0,0.0,Both,Both,3.0,Asian,0.0
66,Afternoon,3.0,No,1.0,Yes,2.0,0.0,Yes,2.0,Yes,3.0,Both,3.0,7.0,Yes,2.0,Good,3.0,1.0,3.0,2.0,0.0,0.0,Afternoon,School,1.0,American,1.0
67,Both,3.0,Yes,3.0,No,1.0,1.0,No,1.0,No,0.0,Both,3.0,7.0,No,3.0,Excited,3.0,4.0,1.0,3.0,0.0,0.0,Both,School,1.0,Non-Asian,1.0
68,Both,4.0,No,1.0,No,2.0,3.0,No,0.0,Yes,2.0,None,3.0,4.0,No,1.0,Sad,0.0,1.0,2.0,1.0,0.0,0.0,None,Home,1.0,Asian,3.0
69,Morning,4.0,Yes,3.0,Yes,2.0,3.0,No,0.0,Yes,1.0,None,3.0,1.0,Yes,3.0,Sad,1.0,4.0,3.0,1.0,0.0,0.0,None,Home,0.0,American,3.0
70,Morning,3.0,No,3.0,No,0.0,1.0,Yes,0.0,No,3.0,Both,0.0,6.0,No,1.0,Good,2.0,3.0,0.0,1.0,0.0,0.0,Morning,School,0.0,American,3.0
71,Morning,4.0,No,0.0,Yes,2.0,0.0,Yes,2.0,Yes,1.0,None,2.0,6.0,No,1.0,Excited,2.0,0.0,3.0,3.0,0.0,0.0,Both,School,1.0,American,2.0
72,Morning,2.0,No,3.0,Yes,2.0,2.0,Yes,2.0,Yes,2.0,Morning,3.0,1.0,No,0.0,Sad,1.0,0.0,0.0,1.0,3.0,3.0,None,Home,0.0,Asian,3.0
73,Afternoon,2.0,No,3.0,No,0.0,3.0,Yes,1.0,No,1.0,Afternoon,0.0,1.0,Yes,1.0,Sad,1.0,0.0,0.0,1.0,2.0,1.0,None,Home,2.0,Asian,1.0
74,Morning,4.0,No,3.0,No,0.0,3.0,Yes,0.0,Yes,1.0,Afternoon,1.0,6.0,No,0.0,Sad,0.0,3.0,0.0,1.0,0.0,0.0,None,Home,0.0,Asian,3.0
75,Morning,2.0,No,3.0,No,3.0,3.0,Yes,2.0,Yes,3.0,Afternoon,1.0,6.0,No,2.0,Sad,2.0,0.0,0.0,1.0,3.0,4.0,None,Home,2.0,Non-Asian,0.0
76,Both,4.0,No,2.0,Yes,1.0,2.0,No,3.0,Yes,3.0,Afternoon,1.0,8.0,Yes,1.0,Good,3.0,2.0,2.0,3.0,0.0,0.0,Both,School,3.0,Non-Asian,2.0
77,Afternoon,3.0,No,0.0,No,1.0,1.0,No,1.0,Yes,3.0,Morning,3.0,1.0,No,3.0,Good,0.0,0.0,1.0,2.0,0.0,0.0,Afternoon,School,3.0,Non-Asian,0.0
78,Afternoon,5.0,Yes,2.0,Yes,0.0,1.0,Yes,0.0,Yes,3.0,Both,0.0,1.0,Yes,0.0,Good,3.0,3.0,1.0,2.0,0.0,0.0,Afternoon,School,1.0,Asian,1.0
79,Morning,5.0,No,2.0,No,3.0,1.0,No,0.0,No,0.0,Morning,0.0,3.0,No,3.0,Excited,0.0,2.0,3.0,3.0,0.0,0.0,Both,School,0.0,Asian,1.0
80,Afternoon,2.0,No,2.0,Yes,0.0,1.0,Yes,3.0,Yes,2.0,None,0.0,4.0,No,3.0,Sad,3.0,0.0,0.0,1.0,4.0,3.0,None,Home,3.0,American,0.0
81,Morning,3.0,Yes,3.0,Yes,2.0,0.0,No,0.0,Yes,1.0,Morning,1.0,9.0,No,1.0,Sad,1.0,4.0,3.0,1.0,0.0,0.0,None,Home,1.0,Non-Asian,1.0
82,Morning,2.0,No,0.0,Yes,0.0,1.0,Yes,0.0,Yes,1.0,Afternoon,2.0,4.0,No,2.0,Excited,3.0,0.0,0.0,3.0,1.0,2.0,Both,School,3.0,Non-Asian,1.0
83,Morning,5.0,No,3.0,No,0.0,1.0,Yes,3.0,Yes,0.0,Both,3.0,4.0,Yes,0.0,Excited,0.0,3.0,0.0,3.0,0.0,0.0,Both,School,2.0,Asian,0.0
84,Afternoon,4.0,No,1.0,Yes,0.0,0.0,No,2.0,No,3.0,Both,0.0,3.0,No,1.0,Good,1.0,1.0,1.0,2.0,0.0,0.0,Afternoon,School,2.0,Non-Asian,0.0
85,Both,3.0,Yes,3.0,Yes,1.0,3.0,Yes,1.0,No,1.0,Morning,1.0,5.0,Yes,2.0,Sad,1.0,4.0,2.0,1.0,0.0,0.0,None,Home,2.0,Non-Asian,3.0
86,Both,3.0,No,0.0,No,1.0,1.0,Yes,0.0,Yes,2.0,Morning,1.0,3.0,Yes,2.0,Good,1.0,0.0,1.0,2.0,0.0,0.0,Both,School,1.0,Asian,0.0
87,Both,4.0,No,1.0,Yes,2.0,2.0,Yes,3.0,No,3.0,Morning,3.0,8.0,Yes,1.0,Excited,1.0,1.0,3.0,4.0,0.0,0.0,Both,Both,1.0,American,2.0
88,Morning,4.0,No,2.0,Yes,1.0,0.0,No,0.0,Yes,2.0,Afternoon,0.0,6.0,Yes,0.0,Sad,1.0,2.0,2.0,1.0,0.0,0.0,None,Home,2.0,Non-Asian,2.0
89,Afternoon,3.0,Yes,1.0,No,1.0,1.0,Yes,1.0,Yes,3.0,Afternoon,1.0,6.0,No,1.0,Good,3.0,2.0,1.0,1.0,0.0,0.0,Afternoon,School,1.0,American,3.0
90,Morning,5.0,No,2.0,Yes,2.0,2.0,Yes,3.0,No,1.0,None,2.0,9.0,Yes,3.0,Good,3.0,2.0,3.0,1.0,0.0,0.0,Morning,School,3.0,American,0.0
91,Afternoon,3.0,No,3.0,Yes,3.0,0.0,No,0.0,Yes,0.0,Afternoon,0.0,9.0,Yes,2.0,Good,3.0,3.0,4.0,1.0,0.0,0.0,Afternoon,School,2.0,Asian,3.0
92,Afternoon,4.0,No,0.0,Yes,1.0,1.0,Yes,3.0,No,3.0,Both,3.0,6.0,Yes,0.0,Good,2.0,0.0,2.0,2.0,0.0,0.0,Afternoon,School,1.0,American,2.0
93,Afternoon,4.0,No,1.0,Yes,3.0,1.0,No,0.0,Yes,0.0,Both,3.0,9.0,No,1.0,Good,1.0,1.0,4.0,1.0,0.0,0.0,Afternoon,School,1.0,Asian,0.0
94,Morning,2.0,Yes,1.0,No,3.0,0.0,No,1.0,No,0.0,None,1.0,6.0,No,0.0,Sad,0.0,0.0,0.0,1.0,1.0,0.0,None,Home,0.0,Non-Asian,3.0
95,Morning,4.0,Yes,1.0,Yes,2.0,2.0,Yes,0.0,Yes,0.0,None,2.0,7.0,No,1.0,Sad,3.0,2.0,3.0,1.0,0.0,0.0,None,Home,0.0,American,1.0
96,Afternoon,4.0,Yes,2.0,Yes,1.0,1.0,Yes,3.0,Yes,1.0,Morning,2.0,6.0,Yes,2.0,Good,3.0,3.0,2.0,1.0,0.0,0.0,Afternoon,School,0.0,Asian,1.0
97,Morning,4.0,No,2.0,No,0.0,0.0,Yes,1.0,Yes,0.0,Both,3.0,9.0,No,1.0,Sad,2.0,2.0,0.0,1.0,0.0,0.0,None,Home,1.0,Non-Asian,2.0
98,Both,3.0,Yes,2.0,No,1.0,2.0,Yes,0.0,Yes,0.0,Morning,1.0,2.0,No,3.0,Good,3.0,3.0,1.0,4.0,0.0,0.0,Both,Both,3.0,American,3.0
99,Afternoon,5.0,No,2.0,Yes,2.0,2.0,Yes,1.0,Yes,3.0,Both,0.0,6.0,Yes,2.0,Good,1.0,2.0,3.0,1.0,0.0,0.0,Afternoon,School,3.0,American,1.0
100,Morning,4.0,No,3.0,Yes,2.0,0.0,Yes,3.0,Yes,3.0,None,0.0,7.0,No,1.0,Excited,2.0,3.0,3.0,2.0,0.0,0.0,Both,School,2.0,Non-Asian,1.0
101,Both,2.0,No,1.0,No,3.0,1.0,Yes,2.0,Yes,1.0,Afternoon,1.0,1.0,Yes,0.0,Excited,1.0,0.0,0.0,4.0,3.0,2.0,Both,Both,1.0,Non-Asian,1.0
102,Afternoon,3.0,Yes,3.0,No,2.0,1.0,Yes,3.0,Yes,1.0,Both,0.0,5.0,Yes,0.0,Sad,3.0,4.0,2.0,1.0,0.0,0.0,None,Home,2.0,American,0.0
103,Both,5.0,Yes,1.0,No,0.0,1.0,No,3.0,No,3.0,Both,0.0,5.0,Yes,3.0,Excited,0.0,2.0,0.0,2.0,0.0,0.0,Both,School,3.0,American,0.0
104,Both,5.0,Yes,1.0,Yes,0.0,1.0,Yes,3.0,No,2.0,None,1.0,8.0,No,1.0,Good,0.0,2.0,1.0,4.0,0.0,0.0,Both,Both,1.0,American,0.0
105,Morning,2.0,No,1.0,No,0.0,3.0,No,2.0,Yes,1.0,None,2.0,9.0,No,1.0,Good,0.0,0.0,0.0,1.0,2.0,2.0,Morning,School,0.0,American,0.0
106,Both,3.0,No,0.0,No,0.0,0.0,No,0.0,No,3.0,None,0.0,2.0,No,0.0,Excited,1.0,0.0,0.0,3.0,0.0,0.0,Both,School,2.0,American,2.0
107,Morning,4.0,No,2.0,No,0.0,0.0,No,3.0,Yes,3.0,Both,0.0,3.0,No,3.0,Good,1.0,2.0,0.0,1.0,0.0,0.0,Morning,School,0.0,American,3.0
108,Morning,3.0,No,3.0,No,1.0,2.0,No,2.0,Yes,0.0,Both,2.0,1.0,Yes,2.0,Sad,2.0,3.0,1.0,1.0,0.0,0.0,None,Home,1.0,Non-Asian,1.0
109,Afternoon,4.0,Yes,2.0,No,3.0,2.0,Yes,0.0,No,1.0,Afternoon,3.0,6.0,No,3.0,Good,1.0,3.0,3.0,1.0,0.0,0.0,Afternoon,School,0.0,American,3.0
110,Morning,4.0,Yes,3.0,Yes,2.0,0.0,No,0.0,No,0.0,Morning,0.0,2.0,Yes,1.0,Sad,2.0,4.0,3.0,1.0,0.0,0.0,None,Home,3.0,Non-Asian,2.0
111,Morning,5.0,Yes,3.0,No,3.0,1.0,Yes,3.0,No,3.0,Both,2.0,8.0,No,3.0,Good,1.0,4.0,3.0,1.0,0.0,0.0,Morning,School,0.0,Non-Asian,2.0
112,Afternoon,5.0,No,1.0,Yes,0.0,3.0,No,0.0,Yes,0.0,Afternoon,2.0,8.0,Yes,2.0,Sad,0.0,1.0,1.0,1.0,0.0,0.0,None,Home,3.0,Non-Asian,2.0
113,Both,4.0,Yes,2.0,No,1.0,3.0,Yes,0.0,No,3.0,None,0.0,5.0,Yes,1.0,Excited,3.0,3.0,1.0,3.0,0.0,0.0,Both,School,2.0,Asian,3.0
114,Afternoon,2.0,Yes,0.0,No,0.0,0.0,No,2.0,No,1.0,Both,2.0,7.0,No,3.0,Sad,2.0,0.0,0.0,1.0,2.0,1.0,None,Home,3.0,Non-Asian,1.0
115,Afternoon,3.0,Yes,3.0,Yes,3.0,3.0,No,0.0,No,1.0,Afternoon,0.0,6.0,No,0.0,Sad,0.0,4.0,4.0,1.0,0.0,0.0,None,Home,0.0,Non-Asian,3.0
116,Both,4.0,No,1.0,Yes,2.0,1.0,No,1.0,No,2.0,None,0.0,3.0,Yes,1.0,Sad,0.0,1.0,3.0,1.0,0.0,0.0,None,Home,3.0,American,1.0
117,Morning,5.0,No,0.0,No,3.0,0.0,Yes,0.0,Yes,2.0,Morning,0.0,5.0,Yes,3.0,Good,0.0,0.0,3.0,1.0,0.0,0.0,Morning,School,3.0,Asian,3.0
118,Morning,5.0,Yes,0.0,No,1.0,0.0,No,1.0,Yes,3.0,Both,0.0,8.0,No,2.0,Good,2.0,1.0,1.0,1.0,0.0,0.0,Morning,School,0.0,Non-Asian,2.0
119,Both,4.0,No,2.0,No,0.0,0.0,Yes,3.0,Yes,3.0,Both,1.0,9.0,No,3.0,Sad,3.0,2.0,0.0,1.0,0.0,0.0,None,Home,0.0,Asian,1.0
120,Afternoon,4.0,Yes,3.0,No,3.0,0.0,Yes,1.0,No,2.0,Afternoon,3.0,1.0,Yes,0.0,Sad,0.0,4.0,3.0,1.0,0.0,0.0,None,Home,3.0,American,2.0
121,Afternoon,5.0,Yes,2.0,No,1.0,1.0,Yes,1.0,Yes,2.0,None,3.0,6.0,No,0.0,Sad,3.0,3.0,1.0,1.0,0.0,0.0,None,Home,0.0,Non-Asian,0.0
122,Both,5.0,Yes,1.0,No,1.0,0.0,No,2.0,Yes,2.0,Morning,1.0,6.0,No,2.0,Excited,0.0,2.0,1.0,4.0,0.0,0.0,Both,Both,0.0,Asian,2.0
123,Both,2.0,Yes,2.0,Yes,2.0,2.0,Yes,3.0,Yes,0.0,Afternoon,2.0,7.0,Yes,2.0,Sad,3.0,0.0,0.0,1.0,4.0,1.0,None,Home,1.0,Asian,2.0
124,Afternoon,4.0,Yes,2.0,Yes,2.0,2.0,Yes,3.0,Yes,1.0,Both,3.0,1.0,Yes,0.0,Sad,1.0,3.0,3.0,1.0,0.0,0.0,None,Home,1.0,Asian,1.0
125,Both,2.0,No,0.0,Yes,0.0,2.0,Yes,0.0,No,1.0,None,3.0,7.0,Yes,3.0,Good,0.0,0.0,0.0,2.0,1.0,1.0,Both,School,3.0,Asian,0.0
126,Afternoon,5.0,No,1.0,Yes,1.0,0.0,Yes,1.0,Yes,0.0,None,1.0,1.0,Yes,3.0,Sad,3.0,1.0,2.0,1.0,0.0,0.0,None,Home,0.0,Asian,2.0
127,Morning,5.0,No,2.0,No,2.0,3.0,Yes,1.0,Yes,2.0,Both,2.0,1.0,No,0.0,Excited,0.0,2.0,2.0,2.0,0.0,0.0,Both,School,3.0,Non-Asian,1.0
128,Morning,4.0,No,2.0,No,0.0,0.0,Yes,0.0,Yes,3.0,Morning,0.0,7.0,Yes,3.0,Good,0.0,2.0,0.0,1.0,0.0,0.0,Morning,School,0.0,Asian,2.0
129,Both,5.0,No,2.0,Yes,0.0,3.0,No,3.0,Yes,1.0,None,1.0,5.0,No,1.0,Excited,1.0,2.0,1.0,4.0,0.0,0.0,Both,Both,0.0,Asian,2.0
130,Both,4.0,No,0.0,Yes,2.0,3.0,No,0.0,No,0.0,Morning,3.0,2.0,Yes,0.0,Sad,3.0,0.0,3.0,1.0,0.0,0.0,None,Home,1.0,American,2.0
131,Morning,3.0,No,2.0,No,1.0,0.0,No,1.0,No,2.0,Morning,0.0,2.0,Yes,0.0,Excited,2.0,2.0,1.0,4.0,0.0,0.0,Both,Both,0.0,American,2.0
132,Morning,5.0,Yes,1.0,No,1.0,3.0,Yes,2.0,Yes,0.0,Both,1.0,9.0,No,0.0,Sad,1.0,2.0,1.0,1.0,0.0,0.0,None,Home,0.0,American,0.0
133,Afternoon,4.0,No,3.0,No,1.0,3.0,No,1.0,No,3.0,Both,1.0,1.0,No,3.0,Sad,1.0,3.0,1.0,1.0,0.0,0.0,None,Home,3.0,Asian,2.0
134,Morning,5.0,No,0.0,Yes,0.0,3.0,No,3.0,No,3.0,Afternoon,3.0,5.0,Yes,0.0,Excited,2.0,0.0,1.0,2.0,0.0,0.0,Both,School,3.0,Non-Asian,1.0
135,Morning,4.0,Yes,0.0,No,2.0,1.0,No,0.0,No,1.0,None,2.0,1.0,Yes,1.0,Good,0.0,1.0,2.0,1.0,0.0,0.0,Morning,School,0.0,American,3.0
136,Afternoon,5.0,Yes,3.0,No,3.0,0.0,Yes,0.0,Yes,1.0,Both,2.0,5.0,Yes,2.0,Excited,1.0,4.0,3.0,3.0,0.0,0.0,Both,School,2.0,Asian,0.0
137,Both,2.0,Yes,2.0,No,2.0,3.0,No,1.0,Yes,3.0,Both,3.0,2.0,No,3.0,Good,1.0,0.0,0.0,2.0,1.0,4.0,Both,School,3.0,Asian,2.0
138,Afternoon,3.0,Yes,3.0,Yes,0.0,0.0,No,3.0,Yes,2.0,Afternoon,0.0,9.0,Yes,1.0,Good,2.0,4.0,1.0,1.0,0.0,0.0,Afternoon,School,2.0,Asian,3.0
139,Both,3.0,No,1.0,Yes,0.0,3.0,Yes,2.0,No,0.0,Morning,1.0,3.0,Yes,1.0,Sad,0.0,1.0,1.0,1.0,0.0,0.0,None,Home,3.0,American,3.0
140,Afternoon,2.0,No,1.0,Yes,1.0,2.0,No,1.0,No,3.0,None,0.0,9.0,No,2.0,Good,1.0,0.0,0.0,1.0,1.0,3.0,Afternoon,School,3.0,American,1.0
141,Morning,5.0,Yes,1.0,No,0.0,2.0,Yes,0.0,No,0.0,Morning,3.0,6.0,No,1.0,Excited,2.0,2.0,0.0,3.0,0.0,0.0,Both,School,0.0,Non-Asian,1.0
142,Morning,4.0,Yes,3.0,Yes,1.0,3.0,Yes,3.0,Yes,0.0,Afternoon,3.0,1.0,Yes,2.0,Good,0.0,4.0,2.0,1.0,0.0,0.0,Morning,School,3.0,American,1.0
143,Both,5.0,No,2.0,Yes,1.0,1.0,No,2.0,No,3.0,Afternoon,1.0,9.0,Yes,1.0,Excited,2.0,2.0,2.0,4.0,0.0,0.0,Both,Both,3.0,American,0.0
144,Morning,4.0,No,0.0,Yes,1.0,3.0,Yes,3.0,No,1.0,None,0.0,6.0,Yes,1.0,Excited,0.0,0.0,2.0,2.0,0.0,0.0,Both,School,0.0,Asian,2.0
145,Afternoon,2.0,No,0.0,Yes,2.0,2.0,No,3.0,No,3.0,None,2.0,8.0,Yes,1.0,Good,3.0,0.0,0.0,1.0,3.0,3.0,Afternoon,School,0.0,Asian,3.0
146,Morning,4.0,No,3.0,No,0.0,2.0,Yes,3.0,No,2.0,Morning,2.0,8.0,Yes,0.0,Good,2.0,3.0,0.0,1.0,0.0,0.0,Morning,School,0.0,American,2.0
147,Morning,3.0,No,0.0,Yes,0.0,3.0,No,2.0,No,3.0,Both,2.0,2.0,No,3.0,Sad,1.0,0.0,1.0,1.0,0.0,0.0,None,Home,0.0,Non-Asian,2.0
148,Both,2.0,Yes,0.0,No,2.0,1.0,Yes,1.0,Yes,0.0,Afternoon,2.0,7.0,Yes,2.0,Excited,3.0,0.0,0.0,2.0,2.0,1.0,Both,School,2.0,Asian,2.0
149,Afternoon,4.0,Yes,3.0,Yes,2.0,1.0,Yes,0.0,No,2.0,Both,3.0,9.0,Yes,1.0,Good,1.0,4.0,3.0,1.0,0.0,0.0,Afternoon,School,2.0,Asian,0.0
150,Morning,5.0,Yes,3.0,Yes,2.0,2.0,No,3.0,Yes,2.0,Both,0.0,1.0,No,0.0,Sad,2.0,4.0,3.0,1.0,0.0,0.0,None,Home,1.0,Non-Asian,2.0
151,Morning,3.0,Yes,3.0,No,3.0,2.0,No,1.0,No,2.0,None,2.0,1.0,No,3.0,Excited,0.0,4.0,3.0,3.0,0.0,0.0,Both,School,2.0,Asian,3.0
152,Both,4.0,No,1.0,No,0.0,2.0,Yes,0.0,Yes,3.0,Both,3.0,6.0,Yes,1.0,Good,3.0,1.0,0.0,3.0,0.0,0.0,Both,School,1.0,American,3.0
153,Morning,5.0,Yes,2.0,Yes,1.0,3.0,No,2.0,Yes,3.0,None,0.0,1.0,Yes,1.0,Sad,1.0,3.0,2.0,1.0,0.0,0.0,None,Home,3.0,Non-Asian,1.0
154,Both,3.0,Yes,3.0,Yes,2.0,1.0,Yes,3.0,No,1.0,None,1.0,9.0,Yes,2.0,Good,0.0,4.0,3.0,4.0,0.0,0.0,Both,Both,3.0,Asian,0.0
155,Afternoon,4.0,No,0.0,Yes,3.0,3.0,Yes,0.0,Yes,1.0,Both,0.0,8.0,No,1.0,Sad,1.0,0.0,4.0,1.0,0.0,0.0,None,Home,2.0,Asian,0.0
156,Afternoon,3.0,No,2.0,Yes,2.0,0.0,Yes,1.0,No,0.0,Morning,1.0,6.0,No,3.0,Good,2.0,2.0,3.0,2.0,0.0,0.0,Afternoon,School,3.0,American,0.0
157,Morning,3.0,No,0.0,No,2.0,2.0,No,3.0,Yes,2.0,Afternoon,2.0,4.0,No,3.0,Excited,3.0,0.0,2.0,2.0,0.0,0.0,Both,School,0.0,Asian,3.0
158,Afternoon,2.0,No,1.0,No,0.0,2.0,No,2.0,Yes,1.0,None,1.0,2.0,No,2.0,Excited,2.0,0.0,0.0,2.0,2.0,2.0,Both,School,1.0,Non-Asian,3.0
159,Morning,2.0,Yes,3.0,No,2.0,1.0,No,2.0,Yes,1.0,Afternoon,2.0,6.0,Yes,3.0,Good,3.0,0.0,0.0,1.0,2.0,2.0,Morning,School,2.0,Non-Asian,1.0
160,Both,2.0,No,2.0,Yes,0.0,0.0,Yes,1.0,No,0.0,Both,3.0,5.0,Yes,2.0,Excited,3.0,0.0,0.0,2.0,2.0,0.0,Both,School,3.0,Non-Asian,0.0
161,Morning,2.0,No,1.0,No,1.0,2.0,Yes,2.0,Yes,3.0,None,3.0,4.0,Yes,3.0,Good,1.0,0.0,0.0,1.0,3.0,4.0,Morning,School,3.0,Non-Asian,3.0
162,Morning,3.0,No,0.0,Yes,3.0,3.0,No,0.0,Yes,0.0,Afternoon,0.0,4.0,No,3.0,Sad,3.0,0.0,4.0,1.0,0.0,0.0,None,Home,2.0,Asian,1.0
163,Afternoon,2.0,Yes,3.0,Yes,3.0,0.0,Yes,1.0,Yes,2.0,Afternoon,1.0,5.0,No,3.0,Excited,3.0,0.0,0.0,4.0,2.0,3.0,Both,Both,3.0,Non-Asian,0.0
164,Both,2.0,Yes,0.0,Yes,0.0,1.0,No,0.0,Yes,2.0,Afternoon,1.0,9.0,No,0.0,Sad,0.0,0.0,0.0,1.0,0.0,3.0,None,Home,2.0,Non-Asian,3.0
165,Both,4.0,No,1.0,Yes,0.0,3.0,No,3.0,Yes,2.0,Morning,2.0,8.0,No,3.0,Excited,2.0,1.0,1.0,3.0,0.0,0.0,Both,School,1.0,Asian,0.0
166,Both,3.0,No,0.0,No,3.0,1.0,Yes,3.0,No,2.0,Both,1.0,7.0,Yes,3.0,Good,1.0,0.0,3.0,2.0,0.0,0.0,Both,School,1.0,American,0.0
167,Morning,5.0,No,1.0,Yes,0.0,2.0,Yes,1.0,No,3.0,None,1.0,3.0,Yes,0.0,Good,3.0,1.0,1.0,1.0,0.0,0.0,Morning,School,1.0,American,0.0
168,Morning,3.0,No,3.0,Yes,2.0,3.0,Yes,2.0,No,2.0,Afternoon,3.0,8.0,Yes,0.0,Sad,1.0,3.0,3.0,1.0,0.0,0.0,None,Home,1.0,Non-Asian,0.0
169,Morning,3.0,Yes,3.0,Yes,2.0,3.0,No,0.0,Yes,1.0,Afternoon,2.0,7.0,Yes,2.0,Excited,1.0,4.0,3.0,2.0,0.0,0.0,Both,School,2.0,Non-Asian,3.0
170,Morning,5.0,No,3.0,No,1.0,1.0,No,2.0,Yes,3.0,Both,3.0,5.0,Yes,2.0,Sad,1.0,3.0,1.0,1.0,0.0,0.0,None,Home,1.0,Non-Asian,2.0
171,Afternoon,5.0,No,0.0,No,0.0,0.0,Yes,0.0,No,0.0,Both,2.0,2.0,No,0.0,Sad,1.0,0.0,0.0,1.0,0.0,0.0,None,Home,1.0,Asian,1.0
172,Both,3.0,Yes,0.0,Yes,1.0,0.0,Yes,3.0,Yes,2.0,Both,0.0,6.0,Yes,2.0,Excited,3.0,1.0,2.0,4.0,0.0,0.0,Both,Both,1.0,Asian,1.0
173,Both,5.0,No,3.0,Yes,2.0,0.0,No,1.0,No,2.0,Both,3.0,5.0,Yes,3.0,Sad,0.0,3.0,3.0,1.0,0.0,0.0,None,Home,3.0,Non-Asian,1.0
174,Afternoon,3.0,No,2.0,Yes,1.0,2.0,No,2.0,Yes,0.0,Afternoon,1.0,6.0,No,0.0,Excited,0.0,2.0,2.0,2.0,0.0,0.0,Both,School,1.0,American,1.0
175,Both,3.0,Yes,3.0,No,0.0,1.0,Yes,3.0,No,3.0,None,0.0,1.0,No,3.0,Excited,1.0,4.0,0.0,3.0,0.0,0.0,Both,School,2.0,Asian,3.0
176,Afternoon,5.0,Yes,3.0,Yes,3.0,3.0,Yes,1.0,No,1.0,None,1.0,3.0,No,2.0,Sad,1.0,4.0,4.0,1.0,0.0,0.0,None,Home,3.0,Non-Asian,0.0
177,Both,3.0,No,1.0,No,0.0,1.0,Yes,3.0,No,2.0,None,3.0,3.0,No,2.0,Excited,0.0,1.0,0.0,3.0,0.0,0.0,Both,School,3.0,American,3.0
178,Both,5.0,Yes,1.0,No,1.0,2.0,Yes,2.0,Yes,3.0,Both,3.0,1.0,No,0.0,Sad,2.0,2.0,1.0,1.0,0.0,0.0,None,Home,0.0,American,1.0
179,Morning,3.0,Yes,3.0,No,3.0,1.0,No,3.0,Yes,0.0,Afternoon,3.0,6.0,No,2.0,Excited,0.0,4.0,3.0,3.0,0.0,0.0,Both,School,2.0,Asian,2.0
180,Afternoon,5.0,Yes,2.0,Yes,3.0,2.0,Yes,0.0,Yes,2.0,None,2.0,2.0,Yes,1.0,Excited,0.0,3.0,4.0,2.0,0.0,0.0,Both,School,0.0,Non-Asian,3.0
181,Both,3.0,No,1.0,No,3.0,2.0,Yes,0.0,No,0.0,Both,0.0,6.0,No,1.0,Excited,3.0,1.0,3.0,3.0,0.0,0.0,Both,School,2.0,Non-Asian,2.0
182,Afternoon,3.0,Yes,0.0,Yes,1.0,1.0,Yes,0.0,No,0.0,Both,1.0,6.0,Yes,0.0,Sad,2.0,1.0,2.0,1.0,0.0,0.0,None,Home,3.0,Asian,1.0
183,Afternoon,3.0,No,2.0,No,1.0,0.0,Yes,2.0,Yes,3.0,Both,0.0,1.0,Yes,0.0,Sad,3.0,2.0,1.0,1.0,0.0,0.0,None,Home,1.0,Asian,1.0
184,Morning,5.0,Yes,1.0,No,3.0,0.0,Yes,2.0,Yes,1.0,Both,2.0,2.0,No,1.0,Good,0.0,2.0,3.0,1.0,0.0,0.0,Morning,School,3.0,American,2.0
185,Afternoon,2.0,No,3.0,No,1.0,2.0,No,2.0,No,0.0,None,3.0,8.0,Yes,2.0,Good,3.0,0.0,0.0,1.0,2.0,0.0,Afternoon,School,0.0,Non-Asian,1.0
186,Both,5.0,No,0.0,Yes,2.0,3.0,Yes,3.0,No,0.0,None,1.0,8.0,Yes,0.0,Sad,0.0,0.0,3.0,1.0,0.0,0.0,None,Home,3.0,Asian,3.0
187,Afternoon,2.0,No,3.0,No,1.0,3.0,No,1.0,Yes,1.0,Afternoon,3.0,7.0,Yes,2.0,Good,2.0,0.0,0.0,2.0,1.0,2.0,Afternoon,School,2.0,Asian,1.0
188,Afternoon,3.0,Yes,2.0,No,2.0,2.0,No,2.0,Yes,3.0,Morning,3.0,5.0,No,2.0,Good,1.0,3.0,2.0,1.0,0.0,0.0,Afternoon,School,0.0,Non-Asian,3.0
189,Both,3.0,No,2.0,No,1.0,2.0,No,2.0,Yes,2.0,Both,1.0,7.0,Yes,2.0,Excited,3.0,2.0,1.0,4.0,0.0,0.0,Both,Both,0.0,Non-Asian,0.0
190,Both,2.0,Yes,1.0,Yes,0.0,3.0,Yes,3.0,Yes,0.0,Afternoon,3.0,5.0,Yes,3.0,Excited,0.0,0.0,0.0,2.0,4.0,1.0,Both,School,2.0,Asian,2.0
191,Afternoon,5.0,Yes,3.0,No,2.0,1.0,Yes,1.0,No,3.0,Both,2.0,2.0,Yes,3.0,Sad,1.0,4.0,2.0,1.0,0.0,0.0,None,Home,1.0,American,3.0
192,Afternoon,5.0,Yes,3.0,Yes,3.0,3.0,Yes,2.0,No,0.0,Both,1.0,7.0,No,2.0,Good,1.0,4.0,4.0,2.0,0.0,0.0,Afternoon,School,3.0,Non-Asian,3.0
193,Morning,4.0,Yes,3.0,Yes,1.0,1.0,Yes,3.0,Yes,2.0,Afternoon,0.0,4.0,No,3.0,Good,1.0,4.0,2.0,1.0,0.0,0.0,Morning,School,0.0,Non-Asian,1.0
194,Both,5.0,Yes,1.0,No,0.0,1.0,Yes,3.0,No,2.0,None,2.0,6.0,No,2.0,Sad,0.0,2.0,0.0,1.0,0.0,0.0,None,Home,0.0,Asian,3.0
195,Morning,4.0,No,2.0,No,0.0,0.0,No,0.0,No,1.0,None,1.0,9.0,No,1.0,Excited,1.0,2.0,0.0,3.0,0.0,0.0,Both,School,0.0,Non-Asian,0.0
196,Afternoon,2.0,No,0.0,No,1.0,2.0,No,0.0,No,2.0,Both,0.0,6.0,Yes,1.0,Sad,2.0,0.0,0.0,1.0,0.0,2.0,None,Home,2.0,American,0.0
197,Afternoon,5.0,No,1.0,No,2.0,3.0,Yes,2.0,No,3.0,None,1.0,9.0,No,0.0,Excited,3.0,1.0,2.0,3.0,0.0,0.0,Both,School,0.0,Non-Asian,3.0
198,Both,3.0,No,1.0,Yes,2.0,2.0,Yes,1.0,Yes,2.0,None,0.0,1.0,Yes,2.0,Good,0.0,1.0,3.0,4.0,0.0,0.0,Both,Both,1.0,Asian,1.0
199,Morning,3.0,Yes,0.0,Yes,3.0,1.0,Yes,1.0,Yes,0.0,Morning,3.0,2.0,Yes,1.0,Good,3.0,1.0,4.0,1.0,0.0,0.0,Morning,School,3.0,American,1.0
200,Morning,2.0,No,3.0,No,2.0,3.0,No,2.0,Yes,3.0,None,2.0,1.0,Yes,2.0,Good,1.0,0.0,0.0,1.0,2.0,4.0,Morning,School,0.0,American,3.0
201,Afternoon,2.0,Yes,0.0,No,1.0,1.0,Yes,2.0,No,2.0,Afternoon,1.0,6.0,Yes,0.0,Excited,1.0,0.0,0.0,2.0,3.0,2.0,Both,School,0.0,American,0.0
202,Both,2.0,No,0.0,Yes,2.0,2.0,No,0.0,Yes,0.0,Both,3.0,7.0,Yes,1.0,Good,2.0,0.0,0.0,2.0,0.0,1.0,Both,School,1.0,Non-Asian,1.0
203,Both,2.0,Yes,3.0,No,2.0,0.0,Yes,0.0,No,1.0,Both,3.0,1.0,Yes,3.0,Excited,0.0,0.0,0.0,4.0,1.0,1.0,Both,Both,3.0,American,2.0
204,Afternoon,3.0,No,0.0,No,1.0,2.0,No,3.0,No,1.0,Morning,0.0,3.0,Yes,0.0,Good,1.0,0.0,1.0,1.0,0.0,0.0,Afternoon,School,2.0,Non-Asian,2.0
205,Afternoon,3.0,No,0.0,No,1.0,1.0,Yes,1.0,No,1.0,Morning,1.0,8.0,Yes,0.0,Good,3.0,0.0,1.0,2.0,0.0,0.0,Afternoon,School,3.0,Non-Asian,0.0
206,Afternoon,3.0,No,0.0,No,0.0,1.0,Yes,3.0,Yes,0.0,None,3.0,8.0,No,3.0,Excited,3.0,0.0,0.0,4.0,0.0,0.0,Both,Both,2.0,Non-Asian,1.0
207,Morning,3.0,No,3.0,No,2.0,2.0,Yes,3.0,No,2.0,None,1.0,9.0,No,1.0,Good,1.0,3.0,2.0,1.0,0.0,0.0,Morning,School,0.0,Asian,3.0
208,Both,4.0,Yes,2.0,No,2.0,1.0,No,2.0,Yes,0.0,None,1.0,4.0,Yes,2.0,Good,0.0,3.0,2.0,4.0,0.0,0.0,Both,Both,3.0,American,0.0
209,Morning,3.0,No,2.0,Yes,1.0,1.0,No,2.0,No,1.0,Afternoon,1.0,6.0,Yes,0.0,Good,0.0,2.0,2.0,1.0,0.0,0.0,Morning,School,1.0,Non-Asian,2.0
210,Both,5.0,No,0.0,No,2.0,1.0,Yes,3.0,Yes,2.0,Both,0.0,8.0,Yes,3.0,Excited,1.0,0.0,2.0,4.0,0.0,0.0,Both,Both,2.0,Non-Asian,0.0
211,Morning,3.0,Yes,2.0,Yes,0.0,0.0,Yes,0.0,No,0.0,Afternoon,2.0,4.0,Yes,0.0,Excited,2.0,3.0,1.0,3.0,0.0,0.0,Both,School,1.0,Non-Asian,1.0
212,Both,5.0,No,0.0,No,1.0,1.0,Yes,3.0,Yes,3.0,Morning,2.0,3.0,No,3.0,Excited,0.0,0.0,1.0,3.0,0.0,0.0,Both,School,3.0,Non-Asian,0.0
213,Both,5.0,No,2.0,No,2.0,2.0,No,1.0,Yes,1.0,Morning,2.0,4.0,No,3.0,Sad,0.0,2.0,2.0,1.0,0.0,0.0,None,Home,0.0,Asian,1.0
214,Morning,2.0,No,2.0,No,3.0,0.0,No,2.0,No,0.0,None,0.0,3.0,Yes,3.0,Excited,3.0,0.0,0.0,2.0,2.0,0.0,Both,School,3.0,Asian,3.0
215,Both,5.0,Yes,2.0,Yes,2.0,2.0,No,2.0,Yes,2.0,Morning,1.0,6.0,No,1.0,Good,0.0,3.0,3.0,3.0,0.0,0.0,Both,School,2.0,Non-Asian,2.0
216,Afternoon,2.0,No,1.0,Yes,1.0,2.0,No,1.0,No,3.0,Afternoon,2.0,5.0,No,3.0,Good,1.0,0.0,0.0,2.0,1.0,3.0,Afternoon,School,3.0,American,2.0
217,Afternoon,4.0,Yes,2.0,Yes,2.0,0.0,No,1.0,Yes,3.0,Afternoon,3.0,2.0,No,2.0,Good,2.0,3.0,3.0,1.0,0.0,0.0,Afternoon,School,3.0,Asian,2.0
218,Both,2.0,Yes,2.0,No,2.0,1.0,Yes,3.0,No,2.0,Morning,0.0,8.0,No,3.0,Excited,0.0,0.0,0.0,3.0,4.0,2.0,Both,School,1.0,Non-Asian,2.0
219,Both,5.0,No,3.0,No,3.0,1.0,No,2.0,Yes,3.0,Afternoon,3.0,1.0,Yes,2.0,Good,2.0,3.0,3.0,4.0,0.0,0.0,Both,Both,0.0,Non-Asian,0.0
220,Both,4.0,No,3.0,No,1.0,2.0,No,3.0,No,3.0,Afternoon,0.0,3.0,Yes,1.0,Good,0.0,3.0,1.0,3.0,0.0,0.0,Both,School,1.0,Non-Asian,0.0
221,Morning,5.0,No,3.0,No,2.0,2.0,Yes,3.0,No,1.0,None,0.0,1.0,Yes,0.0,Sad,2.0,3.0,2.0,1.0,0.0,0.0,None,Home,0.0,Non-Asian,1.0
222,Afternoon,2.0,Yes,1.0,No,1.0,3.0,Yes,0.0,No,3.0,None,2.0,4.0,Yes,2.0,Sad,1.0,0.0,0.0,1.0,1.0,3.0,None,Home,2.0,Non-Asian,1.0
223,Afternoon,3.0,No,1.0,No,0.0,1.0,No,1.0,Yes,2.0,Both,3.0,9.0,Yes,0.0,Sad,3.0,1.0,0.0,1.0,0.0,0.0,None,Home,1.0,Asian,3.0
224,Afternoon,5.0,Yes,2.0,Yes,3.0,0.0,No,2.0,Yes,2.0,Afternoon,3.0,6.0,Yes,0.0,Sad,3.0,3.0,4.0,1.0,0.0,0.0,None,Home,0.0,Non-Asian,0.0
225,Both,5.0,Yes,3.0,Yes,1.0,0.0,No,1.0,No,1.0,Afternoon,1.0,4.0,No,3.0,Good,0.0,4.0,2.0,3.0,0.0,0.0,Both,School,0.0,Asian,1.0
226,Afternoon,2.0,No,3.0,No,0.0,3.0,Yes,2.0,No,0.0,Both,1.0,2.0,No,2.0,Excited,0.0,0.0,0.0,4.0,3.0,0.0,Both,Both,0.0,Non-Asian,0.0
227,Afternoon,4.0,No,1.0,Yes,1.0,1.0,Yes,2.0,Yes,3.0,Morning,2.0,6.0,No,3.0,Good,2.0,1.0,2.0,1.0,0.0,0.0,Afternoon,School,3.0,Asian,1.0
228,Morning,4.0,Yes,3.0,No,2.0,1.0,No,3.0,No,3.0,Both,2.0,5.0,Yes,3.0,Good,2.0,4.0,2.0,1.0,0.0,0.0,Morning,School,0.0,Non-Asian,1.0
229,Both,2.0,Yes,1.0,No,0.0,0.0,Yes,3.0,No,0.0,Both,0.0,5.0,No,1.0,Excited,0.0,0.0,0.0,3.0,4.0,0.0,Both,School,1.0,Asian,0.0
230,Morning,5.0,No,3.0,No,0.0,3.0,Yes,1.0,Yes,0.0,Afternoon,1.0,1.0,Yes,1.0,Sad,2.0,3.0,0.0,1.0,0.0,0.0,None,Home,3.0,Asian,3.0
231,Morning,4.0,Yes,0.0,Yes,2.0,3.0,Yes,1.0,Yes,1.0,Both,3.0,1.0,Yes,1.0,Sad,0.0,1.0,3.0,1.0,0.0,0.0,None,Home,3.0,American,0.0
232,Morning,5.0,No,1.0,No,3.0,2.0,No,2.0,No,3.0,None,2.0,2.0,Yes,1.0,Sad,1.0,1.0,3.0,1.0,0.0,0.0,None,Home,1.0,Non-Asian,2.0
233,Morning,3.0,No,2.0,Yes,3.0,3.0,No,2.0,Yes,3.0,Afternoon,1.0,1.0,No,2.0,Sad,1.0,2.0,4.0,1.0,0.0,0.0,None,Home,3.0,Non-Asian,2.0
234,Afternoon,4.0,No,0.0,Yes,3.0,3.0,Yes,2.0,Yes,1.0,None,2.0,3.0,No,3.0,Sad,2.0,0.0,4.0,1.0,0.0,0.0,None,Home,0.0,Asian,3.0
235,Both,2.0,Yes,0.0,No,1.0,0.0,Yes,3.0,Yes,2.0,Both,2.0,7.0,No,1.0,Excited,1.0,0.0,0.0,3.0,4.0,3.0,Both,School,1.0,American,2.0
236,Afternoon,5.0,No,1.0,Yes,0.0,3.0,No,2.0,No,0.0,Morning,0.0,9.0,No,0.0,Excited,2.0,1.0,1.0,2.0,0.0,0.0,Both,School,3.0,American,0.0
237,Afternoon,4.0,No,3.0,No,0.0,2.0,No,3.0,Yes,2.0,Afternoon,0.0,7.0,Yes,3.0,Excited,0.0,3.0,0.0,3.0,0.0,0.0,Both,School,0.0,Asian,0.0
238,Afternoon,4.0,No,1.0,No,1.0,3.0,No,0.0,No,1.0,None,2.0,7.0,No,3.0,Good,0.0,1.0,1.0,1.0,0.0,0.0,Afternoon,School,0.0,Non-Asian,3.0
239,Afternoon,5.0,Yes,1.0,Yes,2.0,1.0,No,0.0,No,3.0,Morning,3.0,2.0,Yes,1.0,Good,3.0,2.0,3.0,2.0,0.0,0.0,Afternoon,School,1.0,American,3.0
240,Afternoon,2.0,No,1.0,Yes,0.0,1.0,Yes,1.0,Yes,0.0,None,1.0,4.0,No,2.0,Excited,1.0,0.0,0.0,3.0,2.0,1.0,Both,School,3.0,Asian,1.0
241,Both,2.0,Yes,2.0,No,0.0,0.0,Yes,0.0,Yes,3.0,Morning,0.0,3.0,Yes,1.0,Sad,2.0,0.0,0.0,1.0,1.0,4.0,None,Home,3.0,American,2.0
242,Afternoon,5.0,No,2.0,Yes,0.0,3.0,No,0.0,No,2.0,Morning,3.0,6.0,Yes,2.0,Good,1.0,2.0,1.0,2.0,0.0,0.0,Afternoon,School,2.0,Non-Asian,0.0
243,Morning,3.0,Yes,2.0,Yes,3.0,1.0,No,0.0,No,3.0,None,3.0,5.0,Yes,1.0,Excited,0.0,3.0,4.0,4.0,0.0,0.0,Both,Both,0.0,Asian,0.0
244,Both,4.0,Yes,3.0,No,3.0,3.0,Yes,3.0,Yes,0.0,Morning,2.0,1.0,No,2.0,Excited,2.0,4.0,3.0,2.0,0.0,0.0,Both,School,0.0,American,2.0
245,Morning,4.0,No,3.0,No,1.0,1.0,No,2.0,Yes,0.0,Both,3.0,5.0,Yes,1.0,Sad,1.0,3.0,1.0,1.0,0.0,0.0,None,Home,3.0,Non-Asian,3.0
246,Both,5.0,No,2.0,Yes,3.0,1.0,No,0.0,Yes,1.0,Morning,2.0,5.0,No,2.0,Sad,0.0,2.0,4.0,1.0,0.0,0.0,None,Home,2.0,American,1.0
247,Afternoon,2.0,Yes,2.0,No,2.0,0.0,No,1.0,No,0.0,Afternoon,3.0,3.0,No,2.0,Good,1.0,0.0,0.0,1.0,1.0,0.0,Afternoon,School,0.0,American,3.0
248,Morning,2.0,Yes,3.0,Yes,3.0,0.0,Yes,2.0,No,2.0,Afternoon,3.0,3.0,Yes,1.0,Sad,1.0,0.0,0.0,1.0,3.0,2.0,None,Home,3.0,American,0.0
249,Both,2.0,No,0.0,Yes,0.0,2.0,No,1.0,No,2.0,Afternoon,1.0,9.0,Yes,1.0,Sad,2.0,0.0,0.0,1.0,1.0,2.0,None,Home,0.0,Non-Asian,0.0
250,Afternoon,2.0,No,1.0,No,0.0,1.0,Yes,2.0,Yes,1.0,Both,2.0,9.0,Yes,1.0,Excited,0.0,0.0,0.0,2.0,3.0,2.0,Both,School,1.0,Asian,2.0
251,Morning,3.0,Yes,1.0,Yes,0.0,2.0,No,2.0,No,0.0,Both,3.0,8.0,No,3.0,Excited,1.0,2.0,1.0,4.0,0.0,0.0,Both,Both,3.0,Asian,3.0
252,Afternoon,2.0,No,3.0,No,0.0,1.0,Yes,3.0,No,0.0,Afternoon,2.0,7.0,No,2.0,Sad,0.0,0.0,0.0,1.0,4.0,0.0,None,Home,3.0,Non-Asian,2.0
253,Morning,3.0,Yes,2.0,Yes,1.0,1.0,Yes,3.0,No,0.0,None,1.0,3.0,Yes,1.0,Sad,2.0,3.0,2.0,1.0,0.0,0.0,None,Home,3.0,Non-Asian,1.0
254,Both,5.0,Yes,3.0,No,3.0,2.0,Yes,2.0,Yes,1.0,None,0.0,9.0,No,0.0,Excited,0.0,4.0,3.0,3.0,0.0,0.0,Both,School,2.0,American,0.0
255,Both,3.0,No,2.0,Yes,1.0,2.0,No,1.0,Yes,1.0,None,0.0,2.0,No,3.0,Excited,2.0,2.0,2.0,4.0,0.0,0.0,Both,Both,2.0,Non-Asian,3.0
256,Both,4.0,Yes,2.0,No,1.0,2.0,No,1.0,Yes,0.0,None,0.0,8.0,Yes,1.0,Sad,3.0,3.0,1.0,1.0,0.0,0.0,None,Home,2.0,American,0.0
257,Morning,2.0,Yes,3.0,No,1.0,1.0,Yes,3.0,No,0.0,Afternoon,2.0,3.0,Yes,3.0,Good,3.0,0.0,0.0,1.0,4.0,0.0,Morning,School,1.0,American,3.0
258,Morning,4.0,Yes,3.0,Yes,0.0,1.0,Yes,0.0,No,0.0,Both,0.0,8.0,Yes,1.0,Sad,2.0,4.0,1.0,1.0,0.0,0.0,None,Home,2.0,American,2.0
259,Morning,2.0,No,2.0,Yes,3.0,3.0,No,3.0,Yes,2.0,Both,3.0,5.0,No,0.0,Excited,0.0,0.0,0.0,2.0,3.0,3.0,Both,School,2.0,American,2.0
260,Both,2.0,No,1.0,No,2.0,2.0,Yes,0.0,No,3.0,Both,2.0,4.0,Yes,1.0,Good,2.0,0.0,0.0,2.0,1.0,3.0,Both,School,3.0,Non-Asian,1.0
261,Morning,4.0,No,3.0,No,1.0,1.0,No,1.0,Yes,3.0,None,2.0,4.0,Yes,2.0,Excited,2.0,3.0,1.0,4.0,0.0,0.0,Both,Both,2.0,Asian,3.0
262,Both,5.0,No,0.0,Yes,0.0,1.0,Yes,1.0,No,3.0,None,0.0,3.0,No,1.0,Good,2.0,0.0,1.0,3.0,0.0,0.0,Both,School,1.0,Non-Asian,2.0
263,Both,5.0,No,2.0,No,3.0,3.0,No,1.0,Yes,1.0,None,2.0,3.0,No,2.0,Good,0.0,2.0,3.0,2.0,0.0,0.0,Both,School,2.0,Non-Asian,0.0
264,Both,5.0,No,2.0,Yes,1.0,3.0,Yes,1.0,Yes,1.0,Afternoon,2.0,1.0,No,2.0,Sad,1.0,2.0,2.0,1.0,0.0,0.0,None,Home,1.0,Asian,1.0
265,Morning,2.0,No,0.0,Yes,2.0,1.0,Yes,1.0,No,3.0,Both,0.0,6.0,Yes,3.0,Sad,3.0,0.0,0.0,1.0,2.0,3.0,None,Home,3.0,Non-Asian,2.0
266,Afternoon,3.0,Yes,1.0,No,1.0,3.0,Yes,2.0,No,1.0,None,3.0,8.0,No,0.0,Good,2.0,2.0,1.0,2.0,0.0,0.0,Afternoon,School,3.0,Asian,2.0
267,Both,2.0,Yes,0.0,Yes,1.0,2.0,No,3.0,No,3.0,Afternoon,1.0,2.0,No,2.0,Excited,3.0,0.0,0.0,4.0,3.0,3.0,Both,Both,3.0,Non-Asian,3.0
268,Both,3.0,Yes,0.0,No,1.0,0.0,Yes,3.0,Yes,1.0,Both,0.0,1.0,No,0.0,Sad,1.0,1.0,1.0,1.0,0.0,0.0,None,Home,1.0,Asian,1.0
269,Afternoon,5.0,Yes,1.0,Yes,3.0,2.0,No,2.0,Yes,0.0,Afternoon,0.0,8.0,No,1.0,Sad,0.0,2.0,4.0,1.0,0.0,0.0,None,Home,2.0,Asian,3.0
270,Morning,2.0,Yes,3.0,No,0.0,2.0,Yes,2.0,Yes,2.0,Both,1.0,3.0,Yes,3.0,Good,0.0,0.0,0.0,1.0,3.0,3.0,Morning,School,0.0,Asian,0.0
271,Morning,3.0,No,0.0,No,1.0,2.0,Yes,3.0,Yes,3.0,Afternoon,3.0,7.0,Yes,0.0,Good,1.0,0.0,1.0,1.0,0.0,0.0,Morning,School,2.0,Non-Asian,1.0
272,Both,5.0,Yes,0.0,Yes,1.0,0.0,Yes,3.0,No,3.0,Afternoon,2.0,1.0,Yes,2.0,Sad,2.0,1.0,2.0,1.0,0.0,0.0,None,Home,3.0,Asian,0.0
273,Afternoon,4.0,No,2.0,Yes,3.0,0.0,No,1.0,No,3.0,Both,3.0,4.0,No,0.0,Good,0.0,2.0,4.0,2.0,0.0,0.0,Afternoon,School,3.0,American,2.0
274,Both,2.0,Yes,0.0,Yes,0.0,2.0,No,2.0,No,2.0,Afternoon,3.0,9.0,Yes,2.0,Excited,3.0,0.0,0.0,2.0,2.0,2.0,Both,School,3.0,Asian,2.0
275,Morning,4.0,Yes,0.0,Yes,3.0,3.0,Yes,0.0,No,2.0,None,1.0,4.0,Yes,1.0,Good,0.0,1.0,4.0,1.0,0.0,0.0,Morning,School,2.0,Non-Asian,0.0
276,Afternoon,2.0,No,1.0,Yes,3.0,3.0,Yes,2.0,Yes,0.0,Both,2.0,8.0,Yes,0.0,Sad,3.0,0.0,0.0,1.0,3.0,1.0,None,Home,0.0,Non-Asian,1.0
277,Both,5.0,Yes,2.0,Yes,0.0,0.0,Yes,1.0,Yes,3.0,None,2.0,8.0,Yes,2.0,Good,0.0,3.0,1.0,3.0,0.0,0.0,Both,School,2.0,Non-Asian,2.0
278,Morning,4.0,No,1.0,No,0.0,1.0,Yes,1.0,Yes,3.0,Afternoon,3.0,2.0,No,2.0,Excited,0.0,1.0,0.0,3.0,0.0,0.0,Both,School,3.0,American,3.0
279,Morning,3.0,No,1.0,Yes,2.0,3.0,No,0.0,No,2.0,Morning,0.0,9.0,Yes,0.0,Good,2.0,1.0,3.0,1.0,0.0,0.0,Morning,School,2.0,Asian,3.0
280,Both,2.0,Yes,0.0,Yes,3.0,2.0,Yes,2.0,No,1.0,None,3.0,9.0,No,2.0,Sad,2.0,0.0,0.0,1.0,3.0,1.0,None,Home,0.0,Asian,2.0
281,Afternoon,3.0,Yes,3.0,No,0.0,2.0,Yes,0.0,No,2.0,Morning,3.0,1.0,Yes,3.0,Sad,0.0,4.0,0.0,1.0,0.0,0.0,None,Home,2.0,Asian,0.0
282,Both,3.0,Yes,3.0,Yes,1.0,0.0,No,1.0,Yes,1.0,Afternoon,3.0,3.0,Yes,3.0,Excited,1.0,4.0,2.0,3.0,0.0,0.0,Both,School,0.0,Non-Asian,2.0
283,Morning,5.0,Yes,0.0,No,1.0,3.0,No,1.0,Yes,3.0,Both,1.0,1.0,Yes,2.0,Sad,0.0,1.0,1.0,1.0,0.0,0.0,None,Home,1.0,Non-Asian,3.0
284,Both,4.0,No,0.0,Yes,2.0,1.0,Yes,1.0,No,1.0,Morning,2.0,3.0,Yes,3.0,Sad,2.0,0.0,3.0,1.0,0.0,0.0,None,Home,0.0,Asian,2.0
285,Morning,2.0,No,0.0,Yes,3.0,1.0,Yes,1.0,Yes,3.0,None,0.0,4.0,No,0.0,Excited,1.0,0.0,0.0,2.0,2.0,4.0,Both,School,1.0,Asian,0.0
286,Afternoon,4.0,Yes,3.0,No,2.0,1.0,Yes,0.0,No,0.0,Afternoon,1.0,1.0,Yes,2.0,Good,0.0,4.0,2.0,1.0,0.0,0.0,Afternoon,School,3.0,Asian,1.0
287,Morning,4.0,No,0.0,Yes,1.0,0.0,No,3.0,No,1.0,Afternoon,2.0,7.0,No,0.0,Good,0.0,0.0,2.0,1.0,0.0,0.0,Morning,School,3.0,American,1.0
288,Morning,3.0,No,3.0,Yes,0.0,1.0,No,0.0,No,0.0,Morning,1.0,7.0,No,0.0,Sad,3.0,3.0,1.0,1.0,0.0,0.0,None,Home,1.0,American,3.0
289,Both,3.0,Yes,3.0,No,0.0,1.0,Yes,2.0,No,1.0,None,0.0,4.0,Yes,1.0,Good,0.0,4.0,0.0,3.0,0.0,0.0,Both,School,2.0,American,2.0
290,Both,3.0,No,0.0,No,2.0,1.0,No,2.0,No,2.0,Both,0.0,4.0,Yes,2.0,Sad,2.0,0.0,2.0,1.0,0.0,0.0,None,Home,2.0,Asian,0.0
291,Afternoon,2.0,No,2.0,No,0.0,3.0,No,0.0,No,2.0,Morning,1.0,6.0,Yes,0.0,Good,0.0,0.0,0.0,2.0,0.0,2.0,Afternoon,School,3.0,American,1.0
292,Afternoon,2.0,Yes,2.0,No,0.0,0.0,No,2.0,No,2.0,Both,1.0,1.0,Yes,0.0,Sad,2.0,0.0,0.0,1.0,2.0,2.0,None,Home,0.0,Asian,1.0
293,Afternoon,3.0,Yes,2.0,No,1.0,3.0,Yes,2.0,Yes,1.0,Afternoon,1.0,8.0,Yes,3.0,Good,3.0,3.0,1.0,2.0,0.0,0.0,Afternoon,School,3.0,Asian,0.0
294,Morning,3.0,No,1.0,Yes,0.0,1.0,No,2.0,No,0.0,Morning,1.0,1.0,Yes,3.0,Good,0.0,1.0,1.0,1.0,0.0,0.0,Morning,School,1.0,Non-Asian,0.0
295,Both,4.0,No,1.0,No,0.0,3.0,Yes,1.0,Yes,3.0,Morning,1.0,7.0,Yes,3.0,Good,3.0,1.0,0.0,3.0,0.0,0.0,Both,School,0.0,Asian,3.0
296,Morning,3.0,No,0.0,No,2.0,2.0,Yes,2.0,Yes,3.0,Afternoon,0.0,5.0,Yes,1.0,Excited,3.0,0.0,2.0,3.0,0.0,0.0,Both,School,2.0,Asian,3.0
297,Both,2.0,No,1.0,Yes,2.0,2.0,Yes,2.0,No,2.0,Afternoon,0.0,2.0,Yes,1.0,Sad,2.0,0.0,0.0,1.0,3.0,2.0,None,Home,1.0,American,3.0
298,Morning,5.0,No,1.0,No,2.0,2.0,No,1.0,No,1.0,Afternoon,0.0,8.0,No,3.0,Excited,3.0,1.0,2.0,3.0,0.0,0.0,Both,School,1.0,Asian,0.0
299,Both,5.0,Yes,0.0,Yes,3.0,1.0,Yes,3.0,No,0.0,Both,0.0,9.0,Yes,1.0,Excited,2.0,1.0,4.0,2.0,0.0,0.0,Both,School,2.0,Asian,3.0
300,Both,2.0,Yes,0.0,No,1.0,3.0,No,2.0,Yes,0.0,Morning,2.0,8.0,Yes,2.0,Sad,0.0,0.0,0.0,1.0,2.0,1.0,None,Home,0.0,American,2.0
301,Morning,3.0,No,0.0,No,2.0,0.0,Yes,2.0,Yes,2.0,Both,0.0,4.0,Yes,3.0,Sad,1.0,0.0,2.0,1.0,0.0,0.0,None,Home,0.0,Non-Asian,0.0
302,Both,2.0,No,0.0,No,3.0,1.0,Yes,0.0,No,2.0,Afternoon,1.0,5.0,No,0.0,Good,3.0,0.0,0.0,2.0,1.0,2.0,Both,School,3.0,Non-Asian,3.0
303,Morning,4.0,No,3.0,No,0.0,0.0,Yes,1.0,No,0.0,Morning,0.0,3.0,No,0.0,Excited,2.0,3.0,0.0,3.0,0.0,0.0,Both,School,1.0,Non-Asian,2.0
304,Morning,3.0,Yes,2.0,No,1.0,1.0,Yes,1.0,No,2.0,Both,0.0,1.0,No,3.0,Sad,0.0,3.0,1.0,1.0,0.0,0.0,None,Home,2.0,American,0.0
305,Afternoon,2.0,Yes,2.0,Yes,1.0,2.0,No,3.0,Yes,2.0,Morning,1.0,3.0,Yes,2.0,Good,3.0,0.0,0.0,2.0,3.0,3.0,Afternoon,School,3.0,Non-Asian,2.0
306,Morning,2.0,Yes,0.0,No,2.0,0.0,No,2.0,Yes,1.0,Both,2.0,8.0,Yes,0.0,Good,3.0,0.0,0.0,1.0,2.0,2.0,Morning,School,1.0,American,3.0
307,Afternoon,2.0,No,0.0,No,3.0,1.0,Yes,3.0,No,0.0,Both,0.0,1.0,No,0.0,Excited,2.0,0.0,0.0,2.0,4.0,0.0,Both,School,2.0,Asian,3.0
308,Afternoon,5.0,No,0.0,No,1.0,2.0,Yes,0.0,Yes,2.0,Both,1.0,2.0,No,2.0,Excited,3.0,0.0,1.0,2.0,0.0,0.0,Both,School,2.0,American,1.0
309,Afternoon,3.0,Yes,1.0,No,0.0,2.0,No,2.0,No,0.0,None,1.0,5.0,Yes,0.0,Good,0.0,2.0,0.0,1.0,0.0,0.0,Afternoon,School,2.0,Asian,1.0
310,Morning,2.0,No,2.0,Yes,3.0,0.0,Yes,1.0,No,1.0,Both,3.0,4.0,Yes,3.0,Excited,0.0,0.0,0.0,3.0,2.0,1.0,Both,School,1.0,American,3.0
311,Afternoon,5.0,Yes,3.0,Yes,1.0,3.0,No,3.0,Yes,3.0,Morning,2.0,9.0,No,1.0,Sad,2.0,4.0,2.0,1.0,0.0,0.0,None,Home,3.0,American,3.0
312,Morning,4.0,Yes,3.0,No,1.0,2.0,Yes,1.0,Yes,2.0,Both,2.0,2.0,No,1.0,Good,0.0,4.0,1.0,1.0,0.0,0.0,Morning,School,1.0,Non-Asian,3.0
313,Both,3.0,Yes,0.0,No,0.0,0.0,No,3.0,Yes,3.0,None,1.0,7.0,Yes,3.0,Sad,2.0,1.0,0.0,1.0,0.0,0.0,None,Home,1.0,Non-Asian,2.0
314,Morning,3.0,Yes,1.0,Yes,1.0,1.0,No,3.0,Yes,3.0,Both,0.0,7.0,Yes,2.0,Excited,3.0,2.0,2.0,3.0,0.0,0.0,Both,School,0.0,American,1.0
315,Morning,2.0,Yes,3.0,No,0.0,3.0,No,0.0,Yes,2.0,Morning,1.0,8.0,Yes,3.0,Sad,2.0,0.0,0.0,1.0,0.0,3.0,None,Home,1.0,Non-Asian,1.0
316,Afternoon,4.0,Yes,0.0,No,0.0,2.0,No,1.0,No,1.0,None,3.0,5.0,No,3.0,Excited,0.0,1.0,0.0,2.0,0.0,0.0,Both,School,2.0,American,0.0
317,Morning,2.0,Yes,3.0,Yes,3.0,3.0,No,2.0,Yes,0.0,Both,1.0,1.0,Yes,3.0,Good,3.0,0.0,0.0,1.0,2.0,1.0,Morning,School,0.0,American,0.0
318,Afternoon,2.0,Yes,2.0,Yes,3.0,1.0,No,0.0,No,0.0,Afternoon,0.0,5.0,No,1.0,Good,3.0,0.0,0.0,2.0,0.0,0.0,Afternoon,School,3.0,American,2.0
319,Morning,5.0,No,3.0,Yes,0.0,2.0,Yes,1.0,Yes,2.0,Morning,0.0,9.0,No,1.0,Good,1.0,3.0,1.0,1.0,0.0,0.0,Morning,School,1.0,Non-Asian,2.0
320,Morning,4.0,Yes,2.0,No,3.0,0.0,Yes,3.0,No,1.0,None,3.0,6.0,No,0.0,Excited,0.0,3.0,3.0,4.0,0.0,0.0,Both,Both,1.0,Non-Asian,0.0
321,Afternoon,4.0,No,1.0,Yes,3.0,1.0,No,3.0,Yes,0.0,Morning,3.0,7.0,Yes,2.0,Good,0.0,1.0,4.0,2.0,0.0,0.0,Afternoon,School,3.0,Asian,0.0
322,Afternoon,2.0,Yes,1.0,No,0.0,3.0,Yes,3.0,Yes,1.0,Afternoon,1.0,7.0,Yes,0.0,Sad,2.0,0.0,0.0,1.0,4.0,2.0,None,Home,1.0,American,2.0
323,Morning,3.0,No,0.0,Yes,2.0,0.0,No,0.0,Yes,2.0,Both,3.0,7.0,No,0.0,Excited,2.0,0.0,3.0,3.0,0.0,0.0,Both,School,3.0,American,1.0
324,Morning,2.0,No,1.0,No,1.0,3.0,Yes,0.0,No,3.0,None,0.0,2.0,Yes,3.0,Good,0.0,0.0,0.0,1.0,1.0,3.0,Morning,School,0.0,American,3.0
325,Morning,3.0,Yes,0.0,No,1.0,0.0,No,3.0,Yes,0.0,None,0.0,3.0,No,3.0,Good,0.0,1.0,1.0,1.0,0.0,0.0,Morning,School,3.0,Non-Asian,2.0
326,Both,5.0,Yes,1.0,No,0.0,3.0,No,1.0,Yes,2.0,Afternoon,1.0,7.0,No,2.0,Excited,1.0,2.0,0.0,4.0,0.0,0.0,Both,Both,0.0,Asian,2.0
327,Afternoon,3.0,No,1.0,No,0.0,1.0,No,2.0,No,0.0,Both,3.0,2.0,No,2.0,Good,1.0,1.0,0.0,1.0,0.0,0.0,Afternoon,School,1.0,Asian,1.0
328,Afternoon,2.0,Yes,3.0,No,1.0,3.0,Yes,0.0,No,2.0,Both,0.0,6.0,Yes,0.0,Good,0.0,0.0,0.0,1.0,1.0,2.0,Afternoon,School,3.0,American,3.0
329,Morning,2.0,No,0.0,Yes,2.0,0.0,Yes,1.0,No,3.0,None,1.0,2.0,No,3.0,Excited,3.0,0.0,0.0,3.0,2.0,3.0,Both,School,2.0,American,3.0
330,Morning,4.0,Yes,1.0,No,3.0,2.0,Yes,0.0,Yes,2.0,Afternoon,3.0,8.0,Yes,1.0,Sad,1.0,2.0,3.0,1.0,0.0,0.0,None,Home,3.0,Non-Asian,0.0
331,Afternoon,5.0,Yes,1.0,No,0.0,0.0,Yes,0.0,No,1.0,Afternoon,1.0,5.0,No,3.0,Good,3.0,2.0,0.0,2.0,0.0,0.0,Afternoon,School,1.0,American,0.0
332,Morning,2.0,Yes,2.0,No,0.0,3.0,No,0.0,Yes,1.0,Morning,3.0,2.0,No,2.0,Excited,1.0,0.0,0.0,3.0,0.0,2.0,Both,School,3.0,Non-Asian,2.0
333,Both,2.0,Yes,0.0,Yes,3.0,2.0,No,1.0,Yes,3.0,Afternoon,1.0,4.0,No,3.0,Sad,3.0,0.0,0.0,1.0,1.0,4.0,None,Home,3.0,American,1.0
334,Morning,3.0,Yes,2.0,Yes,3.0,0.0,No,2.0,No,2.0,Morning,3.0,8.0,No,2.0,Excited,0.0,3.0,4.0,2.0,0.0,0.0,Both,School,3.0,Asian,1.0
335,Afternoon,5.0,No,0.0,Yes,1.0,3.0,No,3.0,Yes,3.0,None,3.0,9.0,No,0.0,Excited,0.0,0.0,2.0,3.0,0.0,0.0,Both,School,2.0,Non-Asian,2.0
336,Morning,2.0,No,2.0,No,0.0,0.0,No,1.0,Yes,0.0,Morning,1.0,7.0,Yes,1.0,Excited,1.0,0.0,0.0,2.0,1.0,1.0,Both,School,2.0,Non-Asian,1.0
337,Morning,2.0,No,1.0,Yes,3.0,3.0,Yes,1.0,No,1.0,Afternoon,2.0,3.0,Yes,0.0,Excited,3.0,0.0,0.0,3.0,2.0,1.0,Both,School,3.0,Asian,3.0
338,Morning,5.0,Yes,2.0,No,2.0,0.0,Yes,2.0,Yes,1.0,Morning,3.0,4.0,No,1.0,Excited,3.0,3.0,2.0,3.0,0.0,0.0,Both,School,2.0,Non-Asian,2.0
339,Both,5.0,Yes,0.0,No,3.0,0.0,Yes,0.0,No,3.0,Morning,3.0,6.0,Yes,3.0,Good,1.0,1.0,3.0,3.0,0.0,0.0,Both,School,0.0,Non-Asian,2.0
340,Morning,4.0,Yes,0.0,Yes,2.0,3.0,No,3.0,No,3.0,Morning,0.0,2.0,No,1.0,Good,3.0,1.0,3.0,1.0,0.0,0.0,Morning,School,3.0,Asian,2.0
341,Both,5.0,Yes,0.0,No,1.0,0.0,No,2.0,No,2.0,Afternoon,0.0,8.0,No,3.0,Sad,0.0,1.0,1.0,1.0,0.0,0.0,None,Home,1.0,Asian,1.0
342,Afternoon,3.0,No,3.0,Yes,1.0,0.0,Yes,3.0,No,0.0,None,0.0,4.0,Yes,2.0,Good,2.0,3.0,2.0,1.0,0.0,0.0,Afternoon,School,2.0,Non-Asian,2.0
343,Both,5.0,No,3.0,No,2.0,1.0,No,3.0,No,0.0,Both,0.0,8.0,Yes,3.0,Excited,1.0,3.0,2.0,3.0,0.0,0.0,Both,School,1.0,American,0.0
344,Afternoon,2.0,No,1.0,No,2.0,2.0,Yes,0.0,Yes,1.0,Both,0.0,3.0,No,3.0,Good,0.0,0.0,0.0,1.0,1.0,2.0,Afternoon,School,3.0,Non-Asian,2.0
345,Both,5.0,Yes,1.0,Yes,3.0,0.0,No,3.0,No,2.0,Morning,0.0,5.0,No,0.0,Good,1.0,2.0,4.0,4.0,0.0,0.0,Both,Both,1.0,Non-Asian,2.0
346,Morning,2.0,No,0.0,Yes,0.0,3.0,No,2.0,No,1.0,None,0.0,3.0,Yes,0.0,Good,2.0,0.0,0.0,1.0,2.0,1.0,Morning,School,3.0,Asian,3.0
347,Afternoon,2.0,Yes,0.0,No,2.0,3.0,No,0.0,Yes,2.0,Afternoon,1.0,3.0,No,0.0,Sad,3.0,0.0,0.0,1.0,0.0,3.0,None,Home,1.0,Non-Asian,0.0
348,Afternoon,5.0,Yes,2.0,Yes,0.0,2.0,No,0.0,Yes,0.0,Afternoon,3.0,9.0,No,1.0,Good,1.0,3.0,1.0,1.0,0.0,0.0,Afternoon,School,0.0,American,0.0
349,Both,5.0,No,1.0,Yes,0.0,3.0,No,1.0,Yes,3.0,Both,2.0,2.0,No,0.0,Sad,3.0,1.0,1.0,1.0,0.0,0.0,None,Home,2.0,Non-Asian,0.0
350,Morning,2.0,Yes,0.0,Yes,1.0,2.0,Yes,2.0,Yes,3.0,None,3.0,1.0,Yes,3.0,Excited,1.0,0.0,0.0,3.0,3.0,4.0,Both,School,2.0,Non-Asian,3.0
351,Afternoon,2.0,Yes,1.0,No,0.0,3.0,Yes,0.0,Yes,3.0,Afternoon,3.0,6.0,Yes,1.0,Sad,3.0,0.0,0.0,1.0,1.0,4.0,None,Home,3.0,Non-Asian,1.0
352,Afternoon,5.0,No,1.0,Yes,2.0,0.0,No,2.0,No,3.0,None,2.0,4.0,No,2.0,Excited,1.0,1.0,3.0,2.0,0.0,0.0,Both,School,2.0,American,2.0
353,Both,3.0,Yes,3.0,No,0.0,2.0,Yes,0.0,Yes,2.0,None,1.0,5.0,Yes,0.0,Good,3.0,4.0,0.0,4.0,0.0,0.0,Both,Both,1.0,Asian,1.0
354,Both,2.0,Yes,3.0,No,2.0,3.0,No,2.0,No,3.0,Morning,3.0,1.0,Yes,2.0,Excited,2.0,0.0,0.0,3.0,2.0,3.0,Both,School,2.0,Asian,3.0
355,Both,4.0,No,2.0,No,1.0,0.0,Yes,3.0,Yes,2.0,Both,3.0,8.0,Yes,1.0,Sad,3.0,2.0,1.0,1.0,0.0,0.0,None,Home,2.0,Asian,1.0
356,Afternoon,4.0,No,1.0,No,3.0,3.0,Yes,0.0,Yes,0.0,Morning,2.0,9.0,Yes,3.0,Sad,1.0,1.0,3.0,1.0,0.0,0.0,None,Home,1.0,Asian,1.0
357,Afternoon,5.0,No,1.0,No,2.0,1.0,No,1.0,No,0.0,Afternoon,1.0,4.0,No,3.0,Excited,3.0,1.0,2.0,2.0,0.0,0.0,Both,School,3.0,American,3.0
358,Both,5.0,No,0.0,No,3.0,0.0,No,0.0,No,1.0,Afternoon,1.0,2.0,No,2.0,Good,3.0,0.0,3.0,2.0,0.0,0.0,Both,School,3.0,American,1.0
359,Morning,2.0,Yes,3.0,No,2.0,2.0,No,1.0,No,3.0,None,3.0,4.0,Yes,2.0,Excited,1.0,0.0,0.0,4.0,1.0,3.0,Both,Both,1.0,Non-Asian,3.0
360,Morning,4.0,Yes,2.0,Yes,2.0,1.0,No,1.0,Yes,1.0,Afternoon,1.0,2.0,Yes,2.0,Excited,1.0,3.0,3.0,4.0,0.0,0.0,Both,Both,3.0,Asian,0.0
361,Both,2.0,No,2.0,No,2.0,2.0,No,1.0,Yes,2.0,Both,0.0,3.0,Yes,1.0,Excited,3.0,0.0,0.0,2.0,1.0,3.0,Both,School,3.0,Non-Asian,1.0
362,Afternoon,5.0,Yes,0.0,No,2.0,2.0,No,2.0,Yes,3.0,Afternoon,1.0,6.0,No,1.0,Good,0.0,1.0,2.0,1.0,0.0,0.0,Afternoon,School,0.0,American,0.0
363,Afternoon,3.0,No,2.0,Yes,2.0,2.0,Yes,2.0,No,1.0,Afternoon,3.0,4.0,No,2.0,Excited,3.0,2.0,3.0,4.0,0.0,0.0,Both,Both,1.0,American,3.0
364,Afternoon,2.0,Yes,3.0,Yes,2.0,3.0,Yes,2.0,Yes,3.0,None,0.0,4.0,Yes,0.0,Good,2.0,0.0,0.0,2.0,3.0,4.0,Afternoon,School,3.0,Non-Asian,2.0
365,Morning,4.0,No,3.0,Yes,3.0,2.0,No,3.0,Yes,1.0,Both,0.0,5.0,Yes,2.0,Excited,1.0,3.0,4.0,4.0,0.0,0.0,Both,Both,3.0,Non-Asian,0.0
366,Afternoon,4.0,Yes,0.0,Yes,0.0,0.0,Yes,2.0,No,0.0,Afternoon,1.0,4.0,No,0.0,Excited,3.0,1.0,1.0,4.0,0.0,0.0,Both,Both,2.0,Non-Asian,2.0
367,Afternoon,4.0,No,1.0,Yes,0.0,1.0,Yes,0.0,No,2.0,Morning,0.0,4.0,Yes,0.0,Excited,2.0,1.0,1.0,3.0,0.0,0.0,Both,School,3.0,Asian,2.0
368,Both,4.0,Yes,1.0,Yes,0.0,1.0,Yes,0.0,Yes,3.0,Afternoon,0.0,2.0,Yes,2.0,Sad,1.0,2.0,1.0,1.0,0.0,0.0,None,Home,2.0,Asian,2.0
369,Morning,4.0,No,2.0,Yes,0.0,3.0,Yes,0.0,No,3.0,None,0.0,1.0,Yes,2.0,Good,3.0,2.0,1.0,1.0,0.0,0.0,Morning,School,2.0,Asian,3.0
370,Both,3.0,Yes,2.0,No,1.0,1.0,No,2.0,No,2.0,Both,0.0,4.0,No,0.0,Good,1.0,3.0,1.0,2.0,0.0,0.0,Both,School,2.0,American,3.0
371,Afternoon,5.0,Yes,2.0,No,2.0,0.0,Yes,2.0,Yes,3.0,Afternoon,3.0,4.0,Yes,2.0,Excited,0.0,3.0,2.0,2.0,0.0,0.0,Both,School,0.0,Asian,3.0
372,Both,2.0,Yes,1.0,Yes,0.0,3.0,Yes,0.0,Yes,0.0,None,1.0,9.0,Yes,2.0,Good,1.0,0.0,0.0,3.0,1.0,1.0,Both,School,2.0,Non-Asian,1.0
373,Both,2.0,Yes,1.0,No,3.0,0.0,No,0.0,No,2.0,None,0.0,2.0,Yes,2.0,Good,0.0,0.0,0.0,3.0,0.0,2.0,Both,School,1.0,Non-Asian,0.0
374,Both,5.0,Yes,3.0,Yes,1.0,0.0,No,2.0,Yes,3.0,Morning,2.0,8.0,No,0.0,Sad,1.0,4.0,2.0,1.0,0.0,0.0,None,Home,3.0,American,2.0
375,Both,3.0,No,0.0,Yes,1.0,1.0,No,3.0,No,2.0,Both,3.0,7.0,No,3.0,Excited,1.0,0.0,2.0,4.0,0.0,0.0,Both,Both,1.0,American,1.0
376,Both,5.0,Yes,1.0,Yes,1.0,3.0,Yes,2.0,Yes,3.0,Afternoon,2.0,9.0,No,2.0,Excited,3.0,2.0,2.0,3.0,0.0,0.0,Both,School,0.0,Asian,1.0
377,Morning,3.0,No,1.0,Yes,1.0,1.0,Yes,3.0,No,2.0,Both,0.0,1.0,Yes,0.0,Good,3.0,1.0,2.0,1.0,0.0,0.0,Morning,School,0.0,Asian,0.0
378,Both,3.0,No,2.0,No,1.0,1.0,No,3.0,No,1.0,None,1.0,3.0,Yes,2.0,Excited,3.0,2.0,1.0,4.0,0.0,0.0,Both,Both,3.0,Asian,3.0
379,Afternoon,4.0,Yes,1.0,Yes,1.0,0.0,No,2.0,No,2.0,Morning,2.0,7.0,Yes,1.0,Excited,3.0,2.0,2.0,3.0,0.0,0.0,Both,School,1.0,Non-Asian,0.0
380,Afternoon,4.0,No,3.0,No,3.0,0.0,No,0.0,No,2.0,None,2.0,6.0,Yes,1.0,Good,1.0,3.0,3.0,1.0,0.0,0.0,Afternoon,School,3.0,Non-Asian,0.0
381,Both,2.0,No,0.0,Yes,1.0,1.0,No,1.0,Yes,3.0,None,3.0,2.0,No,2.0,Sad,0.0,0.0,0.0,1.0,1.0,4.0,None,Home,0.0,Asian,3.0
382,Morning,2.0,No,1.0,Yes,1.0,0.0,Yes,3.0,Yes,3.0,Both,3.0,8.0,No,2.0,Good,1.0,0.0,0.0,1.0,4.0,4.0,Morning,School,0.0,American,0.0
383,Afternoon,4.0,No,1.0,Yes,1.0,1.0,Yes,2.0,Yes,0.0,Afternoon,2.0,9.0,Yes,3.0,Good,0.0,1.0,2.0,1.0,0.0,0.0,Afternoon,School,3.0,Asian,0.0
384,Morning,4.0,Yes,0.0,Yes,3.0,1.0,No,0.0,No,2.0,Afternoon,2.0,8.0,Yes,3.0,Excited,2.0,1.0,4.0,2.0,0.0,0.0,Both,School,0.0,Asian,1.0
385,Morning,3.0,No,2.0,Yes,2.0,2.0,No,3.0,Yes,2.0,Both,1.0,6.0,Yes,3.0,Sad,0.0,2.0,3.0,1.0,0.0,0.0,None,Home,0.0,American,0.0
386,Both,3.0,No,2.0,Yes,0.0,1.0,No,0.0,No,2.0,Morning,1.0,9.0,No,3.0,Excited,0.0,2.0,1.0,4.0,0.0,0.0,Both,Both,2.0,American,1.0
387,Morning,3.0,No,0.0,No,2.0,3.0,No,1.0,No,2.0,Morning,0.0,4.0,Yes,0.0,Sad,1.0,0.0,2.0,1.0,0.0,0.0,None,Home,0.0,Asian,2.0
388,Both,2.0,Yes,2.0,Yes,3.0,0.0,No,2.0,Yes,1.0,None,0.0,1.0,No,1.0,Excited,2.0,0.0,0.0,3.0,2.0,2.0,Both,School,3.0,Non-Asian,3.0
389,Morning,5.0,No,0.0,Yes,3.0,3.0,No,3.0,Yes,1.0,None,3.0,3.0,No,2.0,Sad,1.0,0.0,4.0,1.0,0.0,0.0,None,Home,3.0,American,0.0
390,Morning,3.0,No,1.0,Yes,1.0,1.0,No,0.0,Yes,3.0,Both,2.0,9.0,No,1.0,Excited,2.0,1.0,2.0,4.0,0.0,0.0,Both,Both,0.0,Asian,3.0
391,Afternoon,4.0,Yes,1.0,Yes,1.0,2.0,No,1.0,No,0.0,Both,2.0,2.0,No,1.0,Sad,0.0,2.0,2.0,1.0,0.0,0.0,None,Home,2.0,American,0.0
392,Morning,2.0,No,3.0,No,0.0,2.0,Yes,0.0,No,0.0,Both,0.0,7.0,Yes,1.0,Sad,2.0,0.0,0.0,1.0,1.0,0.0,None,Home,2.0,Non-Asian,0.0
393,Morning,5.0,Yes,1.0,Yes,2.0,1.0,No,2.0,No,0.0,None,1.0,9.0,No,2.0,Sad,0.0,2.0,3.0,1.0,0.0,0.0,None,Home,3.0,Asian,1.0
394,Both,2.0,No,2.0,Yes,1.0,2.0,Yes,1.0,Yes,3.0,Both,2.0,2.0,No,1.0,Excited,0.0,0.0,0.0,3.0,2.0,4.0,Both,School,2.0,Asian,1.0
395,Both,5.0,No,3.0,No,0.0,1.0,Yes,1.0,Yes,3.0,Both,0.0,9.0,No,1.0,Good,2.0,3.0,0.0,2.0,0.0,0.0,Both,School,1.0,American,1.0
396,Both,4.0,No,3.0,No,1.0,2.0,Yes,3.0,Yes,3.0,Both,0.0,2.0,Yes,0.0,Excited,0.0,3.0,1.0,2.0,0.0,0.0,Both,School,3.0,Asian,1.0
397,Afternoon,3.0,No,1.0,No,3.0,0.0,No,1.0,No,3.0,Both,1.0,7.0,Yes,1.0,Good,3.0,1.0,3.0,1.0,0.0,0.0,Afternoon,School,2.0,American,1.0
398,Both,2.0,Yes,1.0,Yes,3.0,1.0,Yes,0.0,No,2.0,Both,1.0,9.0,Yes,0.0,Good,1.0,0.0,0.0,4.0,1.0,2.0,Both,Both,0.0,Asian,3.0
399,Both,5.0,No,0.0,Yes,1.0,2.0,Yes,0.0,No,1.0,Morning,2.0,2.0,Yes,0.0,Good,1.0,0.0,2.0,3.0,0.0,0.0,Both,School,3.0,American,1.0
0,Afternoon,3.0,No,3.0,Yes,3.0,2.0,Yes,0.0,No,2.0,None,1.0,1.0,Yes,1.0,Good,1.0,2.0,0.0,3.0,0.0,2.0,Morning,School,2.0,Non-Asian,2.0
1,Morning,3.0,No,1.0,Yes,0.0,0.0,Yes,1.0,Yes,1.0,Afternoon,0.0,3.0,No,0.0,Sad,2.0,3.0,1.0,3.0,1.0,0.0,Morning,School,1.0,American,2.0
2,Morning,3.0,No,2.0,Yes,2.0,2.0,No,0.0,No,3.0,Both,0.0,5.0,Yes,2.0,Sad,3.0,3.0,3.0,3.0,0.0,1.0,Both,Home,3.0,Asian,3.0
3,Both,4.0,No,3.0,Yes,3.0,2.0,No,2.0,Yes,0.0,Morning,3.0,4.0,Yes,2.0,Sad,0.0,3.0,3.0,3.0,1.0,1.0,Afternoon,Home,3.0,American,0.0
4,Both,2.0,No,1.0,No,1.0,1.0,Yes,0.0,Yes,2.0,None,0.0,6.0,Yes,3.0,Excited,2.0,1.0,0.0,1.0,3.0,0.0,Both,School,3.0,Asian,0.0
5,Both,3.0,No,1.0,Yes,2.0,1.0,Yes,0.0,Yes,0.0,Morning,2.0,1.0,Yes,3.0,Good,1.0,2.0,2.0,3.0,0.0,2.0,None,Home,2.0,Asian,0.0
6,Morning,2.0,No,3.0,Yes,0.0,1.0,Yes,0.0,No,3.0,Both,2.0,7.0,No,2.0,Good,2.0,0.0,3.0,2.0,0.0,3.0,None,School,3.0,Asian,2.0
7,Morning,2.0,Yes,3.0,Yes,0.0,3.0,Yes,0.0,No,3.0,Both,3.0,1.0,Yes,0.0,Good,0.0,3.0,2.0,2.0,2.0,1.0,Afternoon,School,1.0,American,2.0
8,Afternoon,5.0,No,2.0,Yes,2.0,0.0,No,2.0,Yes,3.0,Afternoon,2.0,8.0,Yes,0.0,Sad,1.0,2.0,2.0,2.0,3.0,2.0,None,Home,2.0,Non-Asian,3.0
9,Both,2.0,No,2.0,Yes,1.0,2.0,No,1.0,Yes,2.0,Morning,2.0,8.0,Yes,3.0,Good,0.0,2.0,3.0,3.0,3.0,1.0,Morning,Home,0.0,American,0.0
10,Both,4.0,Yes,0.0,No,2.0,1.0,No,2.0,Yes,1.0,Morning,3.0,7.0,No,0.0,Sad,0.0,1.0,1.0,2.0,2.0,3.0,None,School,3.0,American,0.0
11,Morning,4.0,Yes,2.0,Yes,0.0,1.0,Yes,0.0,Yes,0.0,None,2.0,1.0,No,1.0,Excited,0.0,0.0,1.0,3.0,1.0,1.0,Afternoon,Home,2.0,Non-Asian,0.0
12,Both,4.0,Yes,3.0,No,0.0,0.0,No,3.0,Yes,1.0,Both,1.0,8.0,Yes,0.0,Good,2.0,0.0,0.0,2.0,1.0,3.0,Both,Home,2.0,American,2.0
13,Morning,4.0,Yes,0.0,Yes,0.0,3.0,No,0.0,Yes,3.0,Afternoon,0.0,3.0,No,1.0,Good,0.0,2.0,1.0,1.0,2.0,2.0,Morning,Home,2.0,Asian,0.0
14,Morning,3.0,Yes,1.0,Yes,2.0,0.0,Yes,3.0,No,3.0,Both,3.0,3.0,Yes,0.0,Excited,3.0,1.0,0.0,1.0,0.0,3.0,Both,School,2.0,Non-Asian,0.0
15,Morning,4.0,No,2.0,No,0.0,3.0,Yes,0.0,No,3.0,Both,2.0,2.0,No,1.0,Good,3.0,2.0,2.0,1.0,2.0,3.0,Afternoon,School,2.0,American,1.0
16,Afternoon,5.0,Yes,0.0,Yes,1.0,0.0,No,0.0,No,1.0,Both,2.0,7.0,No,2.0,Excited,1.0,1.0,0.0,3.0,2.0,3.0,Morning,Home,1.0,American,2.0
17,Both,2.0,Yes,1.0,Yes,1.0,2.0,Yes,1.0,No,2.0,Both,3.0,5.0,No,0.0,Sad,0.0,0.0,3.0,3.0,1.0,0.0,None,School,3.0,Non-Asian,2.0
18,Morning,2.0,No,0.0,No,2.0,1.0,No,2.0,No,3.0,Morning,3.0,2.0,Yes,1.0,Sad,2.0,0.0,2.0,1.0,0.0,2.0,Morning,Home,3.0,Asian,3.0
19,Afternoon,4.0,Yes,3.0,Yes,1.0,3.0,Yes,0.0,Yes,1.0,None,1.0,9.0,Yes,0.0,Sad,0.0,2.0,0.0,3.0,3.0,1.0,Morning,School,2.0,Asian,3.0
20,Both,4.0,Yes,2.0,No,1.0,2.0,No,3.0,Yes,3.0,Morning,2.0,8.0,Yes,3.0,Excited,2.0,3.0,2.0,3.0,3.0,1.0,Both,School,1.0,Non-Asian,0.0
21,Morning,5.0,Yes,3.0,Yes,0.0,2.0,Yes,1.0,Yes,1.0,Afternoon,0.0,1.0,Yes,2.0,Excited,2.0,2.0,0.0,2.0,0.0,0.0,Afternoon,Home,3.0,Asian,3.0
22,Both,5.0,No,2.0,Yes,2.0,0.0,No,3.0,Yes,1.0,Afternoon,2.0,4.0,Yes,0.0,Excited,2.0,1.0,2.0,1.0,1.0,2.0,Both,School,0.0,Asian,2.0
23,Morning,2.0,No,1.0,Yes,0.0,1.0,No,0.0,No,3.0,None,0.0,7.0,No,1.0,Good,0.0,2.0,0.0,2.0,2.0,3.0,Afternoon,School,0.0,American,3.0
24,Both,5.0,No,3.0,Yes,0.0,3.0,No,3.0,No,3.0,Both,0.0,5.0,Yes,1.0,Sad,1.0,2.0,1.0,1.0,1.0,2.0,Afternoon,School,1.0,Asian,2.0
25,Both,3.0,No,0.0,No,2.0,1.0,No,1.0,No,3.0,Both,3.0,7.0,No,3.0,Good,3.0,2.0,1.0,3.0,1.0,0.0,Morning,School,2.0,American,2.0
26,Morning,2.0,No,0.0,No,3.0,2.0,Yes,2.0,Yes,2.0,None,3.0,5.0,No,0.0,Sad,2.0,0.0,0.0,1.0,2.0,3.0,Afternoon,Home,1.0,Asian,1.0
27,Afternoon,5.0,Yes,2.0,No,2.0,2.0,Yes,0.0,No,1.0,Both,1.0,2.0,No,1.0,Sad,0.0,1.0,0.0,3.0,0.0,2.0,Both,Home,1.0,Non-Asian,1.0
28,Morning,2.0,No,2.0,Yes,1.0,2.0,Yes,1.0,No,0.0,None,1.0,1.0,Yes,1.0,Sad,0.0,0.0,3.0,2.0,0.0,3.0,Both,School,3.0,Non-Asian,1.0
29,Morning,3.0,Yes,3.0,No,1.0,2.0,No,2.0,Yes,0.0,Both,1.0,1.0,Yes,2.0,Excited,3.0,1.0,1.0,3.0,1.0,1.0,Afternoon,Home,0.0,Asian,1.0
30,Morning,3.0,No,1.0,Yes,2.0,1.0,Yes,1.0,No,1.0,Both,2.0,4.0,Yes,0.0,Sad,1.0,0.0,2.0,2.0,3.0,3.0,None,School,2.0,Asian,3.0
31,Both,5.0,No,2.0,No,3.0,3.0,No,3.0,No,1.0,Morning,2.0,3.0,Yes,2.0,Sad,2.0,3.0,1.0,1.0,2.0,3.0,Afternoon,Home,1.0,Asian,3.0
32,Both,5.0,No,1.0,Yes,1.0,0.0,No,3.0,No,2.0,Afternoon,1.0,7.0,No,3.0,Good,0.0,3.0,0.0,3.0,3.0,1.0,None,Home,2.0,Asian,2.0
33,Morning,2.0,Yes,1.0,No,1.0,0.0,No,3.0,Yes,1.0,Both,3.0,1.0,Yes,2.0,Good,2.0,2.0,0.0,2.0,3.0,1.0,Both,Home,1.0,American,1.0
34,Afternoon,4.0,No,3.0,No,3.0,1.0,Yes,1.0,No,0.0,Afternoon,1.0,3.0,No,3.0,Good,3.0,2.0,1.0,2.0,0.0,1.0,Afternoon,Home,2.0,American,3.0
35,Afternoon,2.0,No,3.0,No,3.0,1.0,Yes,3.0,Yes,0.0,Morning,0.0,4.0,No,1.0,Good,2.0,2.0,2.0,2.0,1.0,3.0,Afternoon,School,1.0,Asian,0.0
36,Afternoon,2.0,Yes,2.0,Yes,2.0,2.0,Yes,0.0,No,1.0,Both,3.0,4.0,Yes,2.0,Excited,3.0,1.0,2.0,1.0,1.0,0.0,Morning,Home,1.0,American,2.0
37,Morning,4.0,Yes,0.0,Yes,1.0,0.0,Yes,3.0,Yes,1.0,None,1.0,2.0,Yes,1.0,Sad,0.0,2.0,0.0,2.0,1.0,0.0,Morning,School,0.0,Asian,3.0
38,Morning,2.0,No,2.0,No,0.0,0.0,No,0.0,No,0.0,Both,1.0,2.0,Yes,3.0,Excited,3.0,2.0,3.0,3.0,1.0,3.0,Morning,Home,2.0,Non-Asian,1.0
39,Both,3.0,Yes,2.0,Yes,2.0,1.0,No,3.0,Yes,0.0,Both,3.0,3.0,Yes,1.0,Good,3.0,2.0,2.0,2.0,1.0,0.0,Afternoon,Home,1.0,American,0.0
40,Morning,5.0,Yes,0.0,Yes,2.0,3.0,No,2.0,No,3.0,Afternoon,2.0,9.0,No,3.0,Good,3.0,3.0,3.0,3.0,3.0,2.0,Afternoon,Home,2.0,Non-Asian,1.0
41,Afternoon,2.0,No,1.0,No,3.0,3.0,No,0.0,Yes,2.0,None,0.0,8.0,No,3.0,Sad,2.0,1.0,0.0,3.0,1.0,3.0,None,School,0.0,Non-Asian,2.0
42,Afternoon,3.0,No,1.0,No,3.0,1.0,Yes,3.0,No,3.0,None,0.0,3.0,Yes,2.0,Excited,0.0,1.0,1.0,1.0,2.0,1.0,None,Home,3.0,Asian,2.0
43,Morning,3.0,No,1.0,No,0.0,1.0,Yes,3.0,Yes,1.0,Afternoon,1.0,5.0,No,0.0,Good,0.0,1.0,0.0,3.0,1.0,3.0,Afternoon,Home,3.0,American,2.0
44,Afternoon,4.0,Yes,0.0,No,0.0,3.0,Yes,1.0,No,2.0,None,3.0,1.0,No,0.0,Good,1.0,1.0,1.0,1.0,0.0,2.0,None,School,0.0,Asian,3.0
45,Both,3.0,No,2.0,No,3.0,2.0,No,1.0,No,0.0,Both,3.0,8.0,Yes,0.0,Excited,0.0,3.0,1.0,3.0,2.0,0.0,Both,Home,2.0,Non-Asian,3.0
46,Morning,4.0,Yes,2.0,No,0.0,3.0,Yes,3.0,No,2.0,Morning,3.0,5.0,Yes,1.0,Sad,1.0,1.0,0.0,3.0,0.0,3.0,Both,School,3.0,Non-Asian,3.0
47,Afternoon,5.0,Yes,1.0,Yes,0.0,0.0,Yes,1.0,No,1.0,Morning,3.0,7.0,No,1.0,Excited,2.0,0.0,2.0,1.0,3.0,3.0,None,Home,3.0,Non-Asian,0.0
48,Both,3.0,Yes,0.0,Yes,3.0,0.0,Yes,2.0,Yes,0.0,Afternoon,1.0,4.0,No,3.0,Sad,1.0,0.0,1.0,2.0,1.0,2.0,None,School,1.0,Asian,3.0
49,Afternoon,5.0,Yes,1.0,No,0.0,0.0,No,2.0,Yes,2.0,Both,0.0,5.0,Yes,1.0,Excited,3.0,3.0,2.0,2.0,1.0,2.0,Both,School,3.0,American,1.0
50,Morning,4.0,No,3.0,No,0.0,2.0,Yes,3.0,No,3.0,Morning,0.0,6.0,No,3.0,Good,1.0,3.0,1.0,1.0,2.0,1.0,Both,School,0.0,Asian,0.0
51,Afternoon,3.0,Yes,1.0,Yes,2.0,2.0,No,3.0,No,3.0,Morning,2.0,3.0,Yes,2.0,Sad,2.0,2.0,1.0,3.0,3.0,0.0,Both,Home,3.0,Non-Asian,2.0
52,Morning,4.0,Yes,0.0,Yes,2.0,3.0,No,2.0,No,2.0,Morning,1.0,4.0,Yes,2.0,Good,3.0,3.0,1.0,1.0,2.0,0.0,Morning,Home,0.0,American,0.0
53,Morning,3.0,Yes,2.0,No,3.0,2.0,No,0.0,Yes,1.0,Morning,1.0,2.0,No,0.0,Excited,0.0,3.0,1.0,3.0,3.0,1.0,Morning,School,3.0,Asian,0.0
54,Morning,2.0,Yes,2.0,Yes,2.0,3.0,Yes,1.0,No,2.0,None,1.0,1.0,No,0.0,Sad,2.0,3.0,0.0,1.0,0.0,0.0,Morning,Home,3.0,American,0.0
55,Afternoon,4.0,Yes,0.0,Yes,1.0,3.0,No,1.0,No,3.0,Both,1.0,9.0,No,3.0,Excited,2.0,3.0,1.0,2.0,0.0,1.0,Both,Home,2.0,American,2.0
56,Afternoon,3.0,Yes,2.0,No,1.0,0.0,No,0.0,Yes,0.0,Morning,2.0,6.0,No,3.0,Excited,1.0,0.0,0.0,1.0,3.0,2.0,Both,Home,2.0,American,0.0
57,Both,4.0,Yes,2.0,Yes,2.0,2.0,No,0.0,Yes,2.0,None,1.0,2.0,No,0.0,Sad,2.0,2.0,0.0,2.0,2.0,0.0,Afternoon,School,1.0,Non-Asian,3.0
58,Afternoon,2.0,Yes,2.0,Yes,2.0,1.0,No,2.0,No,1.0,Afternoon,1.0,2.0,No,0.0,Excited,0.0,0.0,0.0,3.0,1.0,1.0,Both,School,0.0,Asian,1.0
59,Morning,5.0,Yes,1.0,No,1.0,0.0,Yes,0.0,No,1.0,Afternoon,2.0,5.0,Yes,0.0,Sad,3.0,1.0,2.0,1.0,1.0,0.0,Afternoon,School,1.0,Asian,3.0
60,Both,5.0,No,2.0,No,2.0,0.0,Yes,0.0,No,3.0,None,3.0,6.0,No,0.0,Sad,0.0,2.0,0.0,2.0,2.0,3.0,Both,Home,2.0,Asian,2.0
61,Afternoon,3.0,Yes,0.0,No,3.0,0.0,No,2.0,Yes,0.0,Both,0.0,9.0,Yes,2.0,Sad,3.0,3.0,1.0,2.0,3.0,1.0,Morning,Home,1.0,Non-Asian,2.0
62,Both,3.0,Yes,2.0,No,0.0,1.0,Yes,0.0,Yes,2.0,Both,3.0,1.0,No,2.0,Sad,2.0,2.0,0.0,3.0,0.0,3.0,Afternoon,School,1.0,American,1.0
63,Both,5.0,Yes,3.0,No,0.0,1.0,Yes,1.0,No,0.0,Morning,1.0,3.0,Yes,3.0,Sad,2.0,2.0,0.0,1.0,0.0,2.0,Both,Home,0.0,American,0.0
64,Both,2.0,No,0.0,Yes,0.0,1.0,Yes,3.0,No,1.0,Morning,3.0,2.0,Yes,3.0,Excited,0.0,0.0,1.0,3.0,3.0,2.0,Afternoon,School,1.0,Asian,3.0
65,Afternoon,2.0,Yes,1.0,Yes,1.0,0.0,Yes,2.0,Yes,0.0,Both,0.0,8.0,Yes,2.0,Good,3.0,0.0,0.0,3.0,3.0,0.0,Afternoon,School,3.0,Non-Asian,0.0
66,Both,5.0,Yes,2.0,No,0.0,0.0,Yes,0.0,No,0.0,Both,1.0,6.0,No,0.0,Sad,0.0,2.0,2.0,3.0,0.0,0.0,Morning,School,3.0,Asian,3.0
67,Afternoon,3.0,Yes,3.0,No,2.0,0.0,No,2.0,No,1.0,Both,3.0,2.0,No,2.0,Excited,2.0,3.0,1.0,3.0,3.0,1.0,Afternoon,School,2.0,American,1.0
68,Morning,4.0,No,0.0,No,0.0,1.0,Yes,2.0,Yes,0.0,Both,1.0,9.0,Yes,3.0,Excited,3.0,1.0,0.0,2.0,2.0,1.0,Afternoon,Home,2.0,American,2.0
69,Both,3.0,Yes,2.0,Yes,1.0,3.0,Yes,1.0,No,1.0,None,1.0,7.0,No,0.0,Sad,0.0,3.0,1.0,3.0,0.0,1.0,Both,School,3.0,Asian,2.0
70,Both,4.0,No,1.0,No,3.0,1.0,Yes,0.0,No,0.0,Both,0.0,9.0,No,1.0,Sad,0.0,3.0,3.0,3.0,3.0,0.0,None,School,3.0,Non-Asian,2.0
71,Both,4.0,Yes,2.0,Yes,0.0,1.0,Yes,0.0,No,3.0,Both,1.0,7.0,Yes,0.0,Sad,1.0,2.0,2.0,3.0,3.0,0.0,Afternoon,School,0.0,American,3.0
72,Morning,4.0,No,2.0,Yes,1.0,1.0,No,1.0,No,2.0,Afternoon,2.0,9.0,Yes,1.0,Excited,3.0,2.0,3.0,1.0,1.0,0.0,Afternoon,Home,2.0,Asian,3.0
73,Both,4.0,No,3.0,Yes,0.0,1.0,No,1.0,Yes,0.0,Both,0.0,1.0,No,3.0,Good,0.0,0.0,3.0,2.0,1.0,0.0,Both,School,0.0,Non-Asian,2.0
74,Morning,2.0,Yes,1.0,No,1.0,2.0,No,2.0,No,2.0,None,2.0,8.0,Yes,1.0,Excited,0.0,3.0,2.0,3.0,2.0,3.0,Both,Home,2.0,Asian,2.0
75,Morning,5.0,Yes,3.0,No,2.0,0.0,No,1.0,Yes,3.0,None,1.0,7.0,No,2.0,Sad,0.0,1.0,2.0,1.0,1.0,3.0,Morning,School,1.0,American,3.0
76,Both,2.0,No,3.0,No,0.0,2.0,No,2.0,Yes,1.0,None,0.0,2.0,No,1.0,Excited,2.0,3.0,2.0,1.0,3.0,1.0,Both,Home,2.0,American,2.0
77,Afternoon,5.0,No,2.0,Yes,3.0,3.0,Yes,1.0,Yes,3.0,Both,1.0,5.0,No,3.0,Good,2.0,2.0,1.0,2.0,2.0,3.0,Both,Home,3.0,Asian,3.0
78,Both,4.0,Yes,0.0,No,3.0,2.0,Yes,1.0,Yes,2.0,Afternoon,0.0,4.0,No,0.0,Good,0.0,2.0,2.0,3.0,3.0,1.0,None,School,3.0,Non-Asian,1.0
79,Afternoon,5.0,No,3.0,Yes,1.0,2.0,Yes,3.0,Yes,2.0,Both,1.0,9.0,Yes,2.0,Good,3.0,0.0,2.0,3.0,3.0,3.0,Both,School,1.0,Asian,0.0
80,Both,3.0,Yes,0.0,No,0.0,1.0,Yes,0.0,No,2.0,Afternoon,1.0,9.0,Yes,2.0,Sad,1.0,1.0,1.0,1.0,3.0,0.0,Both,Home,2.0,Asian,2.0
81,Both,3.0,Yes,3.0,No,3.0,2.0,No,1.0,No,1.0,Both,1.0,1.0,No,2.0,Good,1.0,3.0,2.0,2.0,0.0,1.0,Afternoon,Home,3.0,American,1.0
82,Morning,2.0,Yes,0.0,No,3.0,1.0,No,3.0,No,1.0,None,3.0,4.0,No,0.0,Good,2.0,0.0,1.0,3.0,3.0,2.0,None,Home,1.0,American,1.0
83,Afternoon,4.0,Yes,0.0,No,2.0,2.0,Yes,0.0,Yes,1.0,Both,0.0,4.0,No,3.0,Excited,2.0,2.0,2.0,2.0,1.0,0.0,None,School,2.0,Non-Asian,3.0
84,Morning,2.0,Yes,3.0,Yes,2.0,2.0,No,0.0,No,2.0,Morning,0.0,4.0,No,0.0,Excited,3.0,2.0,2.0,1.0,2.0,2.0,None,Home,1.0,Non-Asian,2.0
85,Morning,5.0,Yes,2.0,No,2.0,2.0,No,2.0,No,1.0,None,1.0,5.0,Yes,0.0,Excited,2.0,3.0,1.0,3.0,3.0,3.0,Afternoon,Home,1.0,American,3.0
86,Morning,3.0,Yes,1.0,Yes,3.0,2.0,No,0.0,No,2.0,None,1.0,4.0,No,2.0,Excited,3.0,0.0,3.0,3.0,0.0,1.0,Both,Home,2.0,Asian,0.0
87,Afternoon,4.0,No,3.0,No,1.0,3.0,No,1.0,No,1.0,None,0.0,1.0,No,0.0,Excited,1.0,2.0,1.0,2.0,3.0,3.0,Afternoon,School,3.0,American,2.0
88,Morning,2.0,Yes,1.0,Yes,0.0,3.0,Yes,3.0,No,0.0,Afternoon,0.0,3.0,Yes,3.0,Excited,0.0,0.0,3.0,1.0,1.0,0.0,Both,Home,1.0,Non-Asian,2.0
89,Both,5.0,No,2.0,Yes,1.0,0.0,Yes,3.0,Yes,0.0,Morning,1.0,2.0,Yes,2.0,Excited,2.0,1.0,1.0,3.0,2.0,0.0,None,School,0.0,American,0.0
90,Afternoon,5.0,No,1.0,No,3.0,1.0,No,3.0,Yes,1.0,Morning,1.0,8.0,No,0.0,Sad,0.0,0.0,0.0,2.0,3.0,0.0,Afternoon,Home,1.0,Asian,0.0
91,Both,2.0,Yes,0.0,Yes,3.0,3.0,No,2.0,Yes,0.0,Morning,1.0,9.0,No,0.0,Good,1.0,1.0,1.0,1.0,0.0,0.0,None,School,3.0,American,3.0
92,Morning,5.0,No,1.0,No,1.0,1.0,Yes,2.0,No,0.0,Afternoon,2.0,7.0,Yes,1.0,Sad,0.0,1.0,3.0,2.0,3.0,1.0,None,Home,0.0,American,1.0
93,Afternoon,3.0,No,3.0,No,1.0,1.0,Yes,3.0,Yes,1.0,None,3.0,7.0,Yes,3.0,Good,1.0,0.0,0.0,1.0,2.0,2.0,Morning,School,0.0,Asian,3.0
94,Afternoon,5.0,No,2.0,No,1.0,0.0,Yes,1.0,Yes,2.0,None,2.0,9.0,Yes,2.0,Good,1.0,1.0,2.0,2.0,2.0,2.0,Both,School,3.0,Non-Asian,1.0
95,Morning,2.0,No,0.0,No,3.0,2.0,No,3.0,No,0.0,None,1.0,1.0,Yes,2.0,Excited,1.0,1.0,0.0,1.0,2.0,3.0,None,School,2.0,Asian,1.0
96,Both,2.0,No,0.0,Yes,0.0,3.0,No,3.0,Yes,2.0,Both,0.0,1.0,No,3.0,Excited,1.0,3.0,3.0,1.0,1.0,3.0,None,School,3.0,Asian,3.0
97,Morning,5.0,Yes,1.0,Yes,2.0,2.0,Yes,2.0,Yes,1.0,None,0.0,2.0,No,0.0,Sad,2.0,1.0,2.0,1.0,2.0,1.0,None,Home,2.0,Asian,0.0
98,Afternoon,3.0,Yes,2.0,No,2.0,3.0,Yes,3.0,No,1.0,Afternoon,2.0,2.0,Yes,0.0,Good,3.0,2.0,3.0,1.0,1.0,1.0,Afternoon,School,2.0,American,0.0
99,Morning,5.0,No,3.0,No,0.0,3.0,No,3.0,Yes,2.0,None,2.0,4.0,Yes,1.0,Excited,0.0,3.0,3.0,2.0,1.0,2.0,Afternoon,School,3.0,Non-Asian,2.0
